run_id,condition_index,repetition,seed,homophily,social_influence,mean_margin,control_change_rate,party_gap,mean_voter_ideology,switch_rate,ideology_sd,mean_degree
0,0,0,18402749602203652153,0.0,0.0,3.2704098360721265,41.41414141414141,0.32648669255966833,-0.0026928609865690704,0.0,0.42486127432012244,6.0
1,0,1,13808986468414001814,0.0,0.0,3.4901148411504037,44.44444444444444,0.31740459452732106,-0.000276228509290168,0.3184713375796178,0.45176543900092453,6.0
2,0,2,10116586503037744457,0.0,0.0,2.759949211348836,50.505050505050505,0.1851795796950888,-0.011771276721209393,0.3105590062111801,0.44270318814195014,6.0
3,0,3,17938835419667548604,0.0,0.0,3.9718816660258334,42.42424242424242,0.3287373954371253,0.0045005186760294705,0.0,0.44503679973551946,6.0
4,0,4,7060503153476306114,0.0,0.0,3.6009762878071694,41.41414141414141,0.4456443804867686,0.027518490536107363,0.0,0.4505497182552804,6.0
5,0,5,16568399588521534032,0.0,0.0,2.9600577393330973,43.43434343434343,0.29003784646924624,-0.029435289889922018,0.6153846153846154,0.44125549290971994,6.0
6,0,6,18090256421956235832,0.0,0.0,2.8965143570913443,52.525252525252526,0.4361422740396281,-0.009116215525957995,0.303951367781155,0.4427601083011888,6.0
7,0,7,6500944186947592735,0.0,0.0,3.0490663522037744,38.38383838383838,0.373928799149502,0.05547046560969176,0.6172839506172839,0.43505387490990544,6.0
8,0,8,5271768069377481754,0.0,0.0,2.66603244365547,39.39393939393939,0.3006857356675443,0.0012789780522286414,0.0,0.42881408902219426,6.0
9,0,9,2006604973784634265,0.0,0.0,3.212600873236035,49.494949494949495,0.3181299935845265,0.01971443840202516,0.3194888178913738,0.4351148513751412,6.0
10,1,0,8549157227298285522,0.0,0.05,4.055179632767664,42.42424242424242,0.022272718500603604,0.03834265071196532,0.0,0.05094172177203951,6.0
11,1,1,17819892903415314076,0.0,0.05,3.2707803510209112,41.41414141414141,0.02,-0.01045969035561642,0.0,0.046286223577974184,6.0
12,1,2,6364443465828727048,0.0,0.05,3.400473404163263,55.55555555555556,0.029932493774288093,0.009330039343725364,0.0,0.0452554145155944,6.0
13,1,3,17862945032103662374,0.0,0.05,3.3158491460068933,41.41414141414141,0.020000000000000004,0.02972037761044319,0.0,0.046037663178386395,6.0
14,1,4,8942915744595678601,0.0,0.05,2.9734455996011127,60.60606060606061,0.02,-0.012901641803092322,0.0,0.05337555192690526,6.0
15,1,5,7347863971886010909,0.0,0.05,3.159567610851637,48.484848484848484,0.020000000000000004,-0.013819758221068063,0.0,0.05651844573020022,6.0
16,1,6,709215631201525422,0.0,0.05,2.982393915314193,39.39393939393939,0.019999999999999997,-0.031160030339120973,0.0,0.05356675662932596,6.0
17,1,7,8965320495098489664,0.0,0.05,3.952569042720605,37.37373737373738,0.02272322017852344,-0.03043810268561105,0.0,0.04426648621654835,6.0
18,1,8,10497397459611048065,0.0,0.05,3.6047798888264584,39.39393939393939,0.04982725247159896,-0.040704097142600267,0.0,0.059962638424399146,6.0
19,1,9,5741987633286171860,0.0,0.05,3.0801285134853953,54.54545454545455,0.019999999999999997,-0.013560561567471497,0.0,0.04632346360329725,6.0
20,2,0,4155790647435686321,0.0,0.1,3.074077531130273,56.56565656565657,0.02179685402991147,-0.015260165352476637,0.0,0.02557099634292026,6.0
21,2,1,1302171993514254698,0.0,0.1,3.6046294175407367,48.484848484848484,0.021160666695321947,-0.03229705147139704,0.0,0.03628778627769354,6.0
22,2,2,11857022734734587972,0.0,0.1,3.392223751581822,51.515151515151516,0.021270325212193696,-0.016805747140331326,0.0,0.03756411088010616,6.0
23,2,3,17512683940038534200,0.0,0.1,3.4710500670628246,42.42424242424242,0.028679457533429646,-0.019733809464706282,0.0,0.051752763510616855,6.0
24,2,4,792168699544626072,0.0,0.1,3.6312334836338027,47.474747474747474,0.02,0.01360289836112168,0.0,0.02607016296757776,6.0
25,2,5,11598702600460565652,0.0,0.1,3.621327553000259,28.282828282828284,0.019999999999999997,0.010801572897190383,0.0,0.041485320857749565,6.0
26,2,6,13559265507446260268,0.0,0.1,3.1455028790035042,46.464646464646464,0.021039590374545468,-0.0006189721169919949,0.0,0.03204007346287821,6.0
27,2,7,10465451002891458374,0.0,0.1,3.388232260557005,48.484848484848484,0.023421819250395715,0.016662846146655325,0.0,0.030556598400885263,6.0
28,2,8,1655319314680752938,0.0,0.1,3.0666967391603976,49.494949494949495,0.020000000000000004,0.02538175749009794,0.0,0.027039246639923766,6.0
29,2,9,11724536325231161156,0.0,0.1,3.392941555879729,45.45454545454545,0.020000000000000004,0.034298865537690994,0.0,0.026304609230921008,6.0
30,3,0,8053210096387026896,0.0,0.2,3.3094025381945293,58.58585858585859,0.019999999999999997,0.05857314879531697,0.0,0.026226290848641576,6.0
31,3,1,10655495520655556436,0.0,0.2,3.1280966524053206,48.484848484848484,0.019999999999999997,0.014233493347763627,0.3333333333333333,0.019318550531054912,6.0
32,3,2,9904610584844573083,0.0,0.2,3.3284556475741955,51.515151515151516,0.022560901255100175,-0.001872332808807644,0.0,0.01820812758914468,6.0
33,3,3,4303397526913767443,0.0,0.2,3.402291241644483,64.64646464646465,0.022707335363634153,0.0024205870362305967,0.0,0.02355036762203205,6.0
34,3,4,10631180196865157691,0.0,0.2,3.511008541923794,54.54545454545455,0.02,0.0007071621390292018,0.0,0.01864352680108887,6.0
35,3,5,2066679233980803483,0.0,0.2,4.470788710524932,29.292929292929294,0.020000000000000004,-0.045382927677558735,0.0,0.019661885878192117,6.0
36,3,6,440753054018922954,0.0,0.2,2.828823590132156,49.494949494949495,0.019999999999999997,0.013410207897655041,0.0,0.033946299446850264,6.0
37,3,7,2509458898000412876,0.0,0.2,2.997344024898774,49.494949494949495,0.02,-0.001744102129335114,0.0,0.017936945065125644,6.0
38,3,8,8848217428589277260,0.0,0.2,2.6195867571956994,48.484848484848484,0.02,0.0045624013613602,0.0,0.024995831011639897,6.0
39,3,9,11006788599861831513,0.0,0.2,3.537353456319828,52.525252525252526,0.020000000000000004,0.03227753710911977,0.0,0.0169818425113324,6.0
40,4,0,2164664195095254506,0.0,0.4,3.479174307749634,44.44444444444444,0.020000000000000004,0.03823126394441682,0.0,0.01778272344485583,6.0
41,4,1,9882612895554826377,0.0,0.4,3.216810323894719,49.494949494949495,0.02,9.093133451329894e-05,0.0,0.02283632701753572,6.0
42,4,2,8101908477661534132,0.0,0.4,3.061049142204621,52.525252525252526,0.02,-0.009770945377393104,0.0,0.013511790166894603,6.0
43,4,3,15746211412080022513,0.0,0.4,3.159921274987186,52.525252525252526,0.019999999999999997,-0.02248194428526195,0.0,0.025551784906843785,6.0
44,4,4,9994985750895263302,0.0,0.4,2.926812215014658,53.535353535353536,0.02,0.009545675363826226,0.0,0.013932317580943498,6.0
45,4,5,6490197761713282024,0.0,0.4,3.431378380469786,56.56565656565657,0.019999999999999997,-0.02350800185408886,0.0,0.04237761018539396,6.0
46,4,6,14380750519882908218,0.0,0.4,3.5171880402541,50.505050505050505,0.020000000000000004,-0.021559927155167212,0.0,0.014854813432439067,6.0
47,4,7,9636804809407421694,0.0,0.4,4.08221509167402,38.38383838383838,0.020000000000000004,-0.008170114222237995,0.0,0.013651380674849934,6.0
48,4,8,8467306073981973094,0.0,0.4,3.5642520459588867,55.55555555555556,0.020000000000000004,0.014991149796266716,0.0,0.027466442601539146,6.0
49,4,9,17904900298365364238,0.0,0.4,3.192896265645668,61.61616161616162,0.020000000000000004,0.022067076019733265,0.0,0.013846671852910799,6.0
50,5,0,13087503490258137846,0.25,0.0,3.2608636587063495,46.464646464646464,0.36977041820380374,0.017950616764390574,0.3058103975535168,0.43263974457086984,6.0
51,5,1,7501536013274468442,0.25,0.0,3.148314167816368,50.505050505050505,0.30613991757412884,0.010381765248559403,0.0,0.43983600100177356,6.0
52,5,2,17797016293247597116,0.25,0.0,2.9461323632326115,48.484848484848484,0.2721444829684142,-0.005044889029540025,0.3067484662576687,0.4489610091044176,6.0
53,5,3,14590936352739134514,0.25,0.0,2.913680827683773,48.484848484848484,0.4034869954088107,0.01835557342687085,0.0,0.450022919215912,6.0
54,5,4,6862419106532725516,0.25,0.0,3.41934322321941,42.42424242424242,0.22148364721666958,-0.0075460858825297525,0.0,0.4366530711654756,6.0
55,5,5,8014182629609012547,0.25,0.0,3.4156378979960946,45.45454545454545,0.40408832035859443,0.004696436544399701,0.3184713375796178,0.44610557544613,6.0
56,5,6,17975047340040693422,0.25,0.0,2.8978954834864847,62.62626262626262,0.38677766753251563,-0.006756422681233725,0.3067484662576687,0.43073318493843227,6.0
57,5,7,2526812524552602065,0.25,0.0,4.329506940353002,34.343434343434346,0.3078293656137763,0.01521964376883961,0.0,0.4394735812915243,6.0
58,5,8,2318361973073805590,0.25,0.0,3.098590762828492,51.515151515151516,0.19061682290863366,0.020130329007737174,0.0,0.4476519402985889,6.0
59,5,9,8668831289319233106,0.25,0.0,2.9981949179588963,64.64646464646465,0.41288763881322715,0.014205610940106776,0.0,0.442535331756645,6.0
60,6,0,14431918928293134222,0.25,0.05,3.379579398900039,49.494949494949495,0.02279661877951241,0.020737969323178507,0.0,0.054242763413708935,6.0
61,6,1,4662019071424517467,0.25,0.05,3.0306815745728546,45.45454545454545,0.02,0.012636672575285227,0.0,0.04773938471516957,6.0
62,6,2,10613998446837456143,0.25,0.05,3.0348514010033245,54.54545454545455,0.024916766901460597,-0.00948921623584752,0.0,0.05150912347997537,6.0
63,6,3,5627091141002313359,0.25,0.05,4.173299358468273,36.36363636363637,0.020000000000000004,0.025043395582674113,0.0,0.051853791854155146,6.0
64,6,4,18254523897983272782,0.25,0.05,2.8407742754120333,47.474747474747474,0.02,0.010335756851761054,0.0,0.04540207092023135,6.0
65,6,5,6580821875096420772,0.25,0.05,3.308746837345124,38.38383838383838,0.020000000000000004,-0.02676117986854246,0.0,0.04724146447605574,6.0
66,6,6,16679689409514091203,0.25,0.05,3.575014921563557,48.484848484848484,0.020000000000000004,-0.032208609496071176,0.0,0.05884409904304469,6.0
67,6,7,5000325823850477628,0.25,0.05,2.978695169652467,46.464646464646464,0.025658196954158986,0.005754896701161094,0.0,0.04598452982730309,6.0
68,6,8,8827375116792364567,0.25,0.05,3.111370392865156,46.464646464646464,0.046745373385430264,0.0019624306470655264,0.0,0.04856628145304521,6.0
69,6,9,4761440514263314321,0.25,0.05,3.3730352766485456,54.54545454545455,0.02,-0.005176233366337895,0.0,0.05340085308037705,6.0
70,7,0,4649479782226294014,0.25,0.1,3.1212475138130515,61.61616161616162,0.02,0.0041486083311860706,0.0,0.04019781142905871,6.0
71,7,1,5844390551421923422,0.25,0.1,3.7712915124889315,40.4040404040404,0.020000000000000004,0.029183650608199854,0.0,0.03854997827594274,6.0
72,7,2,11991016868097401390,0.25,0.1,3.0776370484050664,50.505050505050505,0.02,-0.0025554469884185647,0.0,0.02759727159266038,6.0
73,7,3,4314987696856636963,0.25,0.1,2.726103501356935,52.525252525252526,0.019999999999999997,0.005353640713540661,0.0,0.026979111392856688,6.0
74,7,4,14671872792651078450,0.25,0.1,3.6692153572069595,42.42424242424242,0.020392091141768792,-0.0563488432353155,0.0,0.02952604799347958,6.0
75,7,5,3541253604825992940,0.25,0.1,3.085276170098964,50.505050505050505,0.020000000000000004,-0.014499304993524309,0.0,0.03066711387785794,6.0
76,7,6,12929983155939840171,0.25,0.1,3.6486922104451747,44.44444444444444,0.020000000000000004,-0.025384587173060132,0.0,0.02945725962971966,6.0
77,7,7,6881260385396976840,0.25,0.1,3.388578877491872,46.464646464646464,0.029172610444349923,-0.0017238035970329225,0.0,0.04085325409178273,6.0
78,7,8,986696458800254528,0.25,0.1,3.244092375036093,44.44444444444444,0.019999999999999997,0.021011701525469613,0.0,0.049093206553499205,6.0
79,7,9,9511987160317660280,0.25,0.1,2.437433132544098,56.56565656565657,0.02,-0.0037520882322205234,0.0,0.025027427055194115,6.0
80,8,0,13182684994270760514,0.25,0.2,3.051944926929465,50.505050505050505,0.020000000000000004,0.03042856870042096,0.0,0.033504067086399296,6.0
81,8,1,17497369085471242771,0.25,0.2,3.6412701315248035,45.45454545454545,0.020000000000000004,-0.014608918902978352,0.0,0.017991733298326068,6.0
82,8,2,16142688563249650437,0.25,0.2,3.154680778737856,40.4040404040404,0.020000000000000004,0.022000256165510386,0.0,0.0183955496185365,6.0
83,8,3,8443789836193380125,0.25,0.2,4.248998976521826,34.343434343434346,0.020000000000000004,0.03845234340773539,0.0,0.01782435144679841,6.0
84,8,4,13145474581219769686,0.25,0.2,2.9495944733803037,48.484848484848484,0.020000000000000004,-0.01719171402873326,0.0,0.021614552307778444,6.0
85,8,5,4604703871368151028,0.25,0.2,3.396296793786112,46.464646464646464,0.020000000000000004,0.038395278885596566,0.0,0.028190346382196023,6.0
86,8,6,14067409057729023322,0.25,0.2,4.009449261499771,39.39393939393939,0.020000000000000004,-0.008740182904847888,0.0,0.018839023797590664,6.0
87,8,7,10758974716298792651,0.25,0.2,3.988528862524666,39.39393939393939,0.019999999999999997,0.0025181343119628627,0.0,0.035039365068821375,6.0
88,8,8,5887328138672343569,0.25,0.2,3.352197520697158,57.57575757575758,0.019999999999999997,-0.02016123141128851,0.0,0.018181119656488803,6.0
89,8,9,14384507004093180077,0.25,0.2,3.598487144593532,49.494949494949495,0.02,0.0005401030325952065,0.0,0.01950087163792462,6.0
90,9,0,11966550756878304246,0.25,0.4,3.700844171391023,46.464646464646464,0.019999999999999997,0.01111822409021071,0.0,0.013361224866307931,6.0
91,9,1,8263427643908703571,0.25,0.4,4.056894073725658,36.36363636363637,0.020000000000000004,0.01828564561124221,0.0,0.01745259509582934,6.0
92,9,2,2522221857488168668,0.25,0.4,3.1600166758316934,49.494949494949495,0.020000000000000004,0.02492051110326679,0.0,0.0147604334447553,6.0
93,9,3,6109712612164009920,0.25,0.4,3.3125079980536407,50.505050505050505,0.020000000000000004,-0.009568311740341184,0.0,0.024861645323963625,6.0
94,9,4,2028058598902513421,0.25,0.4,3.343996832574671,55.55555555555556,0.019999999999999997,0.00994629881606104,0.0,0.014327219949005196,6.0
95,9,5,18070655103028779026,0.25,0.4,3.3289827192598658,51.515151515151516,0.020000000000000004,-0.032792951222593444,0.0,0.013716949938514023,6.0
96,9,6,17296021371035898062,0.25,0.4,4.661700836376022,30.303030303030305,0.019999999999999997,-0.016866616966396113,0.0,0.01382027354255443,6.0
97,9,7,12833603396820638724,0.25,0.4,3.7724784134265033,47.474747474747474,0.02,-0.011097227383716785,0.0,0.03654807460647239,6.0
98,9,8,6325309183120637838,0.25,0.4,5.62788468046237,18.181818181818183,0.020953065764704466,-0.059822607335442576,0.0,0.03667802418564831,6.0
99,9,9,15821691148133065416,0.25,0.4,3.4026097745580977,45.45454545454545,0.02,0.008206321387602649,0.0,0.014296163289668914,6.0
100,10,0,11461019204192818692,0.5,0.0,2.939237574311394,50.505050505050505,0.4438497136829649,-0.023833734842276785,0.3105590062111801,0.43183895715301,6.0
101,10,1,18002059165070399312,0.5,0.0,3.4916148084699277,49.494949494949495,0.4171964008601242,0.006422918877888023,0.0,0.44432791592603443,6.0
102,10,2,12142876964362080882,0.5,0.0,3.236443312209787,48.484848484848484,0.3850511571095582,-0.026240389100730007,0.0,0.4459957125727779,6.0
103,10,3,2461935129382136199,0.5,0.0,3.022887576131615,36.36363636363637,0.37844707086087415,-0.009128988296874805,0.0,0.45283375817142657,6.0
104,10,4,10808887917043121414,0.5,0.0,3.162437381825153,56.56565656565657,0.3876644548927446,0.004461674094152011,0.60790273556231,0.4304707521313256,6.0
105,10,5,18149300661389745951,0.5,0.0,2.843365009209654,45.45454545454545,0.36973400571747794,-0.003784136233272037,0.3115264797507788,0.45188485798142025,6.0
106,10,6,15772927629628026002,0.5,0.0,3.101543617750916,44.44444444444444,0.4603916403691389,-0.016025381037453115,0.0,0.44125880457689765,6.0
107,10,7,4770103864057803179,0.5,0.0,3.34102324407596,53.535353535353536,0.23642236456187551,0.011743806965715468,0.0,0.4390440810898371,6.0
108,10,8,12761585724372939981,0.5,0.0,3.0579857179996806,48.484848484848484,0.39888799550112997,0.03280224181439551,0.30120481927710846,0.4350126156957704,6.0
109,10,9,3766445265493253168,0.5,0.0,3.4950804942275564,38.38383838383838,0.28211999455897974,-0.03401911824209777,0.3257328990228013,0.44235883161715966,6.0
110,11,0,9356439332153192948,0.5,0.05,3.7906244088927123,39.39393939393939,0.0504522555885395,0.002418592683083404,0.0,0.0697328408234194,6.0
111,11,1,14456035742975515268,0.5,0.05,3.450771817528324,45.45454545454545,0.02,0.004199252679688107,0.0,0.05682794437283717,6.0
112,11,2,2562757615628570934,0.5,0.05,2.9597285132294413,42.42424242424242,0.02,0.009510440560486912,0.0,0.058726939646615704,6.0
113,11,3,16633016407309990851,0.5,0.05,3.3181590739110187,52.525252525252526,0.024518869572904972,0.003363768637665442,0.0,0.04558754683656635,6.0
114,11,4,15557843267793863574,0.5,0.05,3.1869140714695203,53.535353535353536,0.03412997994625415,0.019478301774583838,0.0,0.050145393835762955,6.0
115,11,5,13774002591901405648,0.5,0.05,3.2784006334149045,50.505050505050505,0.020000000000000004,-0.016399494189416813,0.0,0.05185211714552463,6.0
116,11,6,16072834732045810525,0.5,0.05,3.400877062210887,44.44444444444444,0.03706723844157588,-0.0012048796315964423,0.0,0.05505018390819303,6.0
117,11,7,7671417155738784627,0.5,0.05,2.820129120905861,56.56565656565657,0.020000000000000004,-0.013494072276957933,0.0,0.04453060374238344,6.0
118,11,8,6229778638932050950,0.5,0.05,2.791250108690857,49.494949494949495,0.03104740022428626,-0.012130447630821984,0.0,0.06456837233400639,6.0
119,11,9,4071234822802519213,0.5,0.05,2.956614200821181,43.43434343434343,0.02,-0.004200236845823397,0.0,0.04933815456459918,6.0
120,12,0,14144982686092207667,0.5,0.1,3.2316639528356927,49.494949494949495,0.02,-0.013433814759110083,0.0,0.02615831912209921,6.0
121,12,1,2233429160994791488,0.5,0.1,3.274147280768355,43.43434343434343,0.02,-0.00827032519500075,0.0,0.03541937271969941,6.0
122,12,2,17956255561573908039,0.5,0.1,3.2611329837769163,44.44444444444444,0.019999999999999997,0.009793826836476704,0.0,0.032576560180715045,6.0
123,12,3,4375901905356782836,0.5,0.1,2.8551609825262143,50.505050505050505,0.020000000000000004,0.03338620274552868,0.0,0.02376055144000869,6.0
124,12,4,17261420801594107949,0.5,0.1,3.4662879157523823,37.37373737373738,0.020000000000000004,-0.021747257668933522,0.0,0.04178903763726858,6.0
125,12,5,4324354792618486536,0.5,0.1,2.86437016369233,56.56565656565657,0.021028801563510745,-0.008203026884961976,0.0,0.02649015457523352,6.0
126,12,6,2037671924082947936,0.5,0.1,4.0239328544994155,42.42424242424242,0.020000000000000004,-0.013056542952083151,0.0,0.029731479189426886,6.0
127,12,7,557049966988806392,0.5,0.1,3.412931567607542,46.464646464646464,0.02686530855983371,-0.01032846552227136,0.0,0.04507480940138165,6.0
128,12,8,11794456563241971447,0.5,0.1,3.1947396561214507,53.535353535353536,0.020000000000000004,-0.01644427674136525,0.0,0.027072863881281068,6.0
129,12,9,14133588653046323822,0.5,0.1,4.836497772193622,38.38383838383838,0.02,-0.014152534600718344,0.0,0.024915215413802365,6.0
130,13,0,10747197668628635506,0.5,0.2,3.3415108161769997,49.494949494949495,0.022285792342163026,0.030534364887608707,0.0,0.03697679743048022,6.0
131,13,1,237022284039444601,0.5,0.2,3.355386206176321,51.515151515151516,0.02,-0.009036849280585802,0.0,0.019669615366520118,6.0
132,13,2,6656398683756426235,0.5,0.2,2.788343568965721,54.54545454545455,0.02,-0.0034110146100175985,0.0,0.04743615631123918,6.0
133,13,3,8066259672526168957,0.5,0.2,3.0933126979100343,50.505050505050505,0.019999999999999997,-0.021807948342118605,0.0,0.022511651919635292,6.0
134,13,4,16558694422233376504,0.5,0.2,3.4312457081193317,55.55555555555556,0.019999999999999997,0.015248256258739868,0.0,0.01901677537140442,6.0
135,13,5,16581591031739219901,0.5,0.2,2.9851183457610944,39.39393939393939,0.020000000000000004,0.01552397149434854,0.0,0.041544146090826684,6.0
136,13,6,13410167559085442510,0.5,0.2,3.126315228241595,54.54545454545455,0.020000000000000004,0.031160237939961574,0.0,0.04332693372196445,6.0
137,13,7,17325606712393914814,0.5,0.2,3.199664413037919,56.56565656565657,0.020000000000000004,0.019536578571485896,0.0,0.022143238798956792,6.0
138,13,8,10325290074085854898,0.5,0.2,3.984975015461586,47.474747474747474,0.019999999999999997,-0.01652696833448747,0.0,0.0326053741130111,6.0
139,13,9,1750392820833064552,0.5,0.2,3.7524998722613416,54.54545454545455,0.020000000000000004,-0.034336680805893936,0.0,0.04779611967820946,6.0
140,14,0,4545674758700200247,0.5,0.4,3.7370331847365548,48.484848484848484,0.020000000000000004,-0.037908879287027686,0.0,0.014118871804754447,6.0
141,14,1,15100928595818884257,0.5,0.4,3.1616974860272804,50.505050505050505,0.020000000000000004,0.02132875161601001,0.0,0.03289308706638991,6.0
142,14,2,7556415753276951465,0.5,0.4,3.0767405171840334,62.62626262626262,0.020000000000000004,-0.0371670976180537,0.0,0.01815663531657055,6.0
143,14,3,11600227935212573124,0.5,0.4,3.3087070472508726,54.54545454545455,0.02,0.002268034603729986,0.0,0.026475343653838742,6.0
144,14,4,3099784941335987845,0.5,0.4,3.667887249305523,38.38383838383838,0.020000000000000004,0.04845019248963537,0.0,0.026536395645790353,6.0
145,14,5,16087583940105321373,0.5,0.4,4.2640889640912665,29.292929292929294,0.02,-0.0004222418885722123,0.0,0.014500714376942591,6.0
146,14,6,2869849097340617412,0.5,0.4,3.3296920444873472,52.525252525252526,0.019999999999999997,-0.008153085698582052,0.0,0.036472157180318494,6.0
147,14,7,5112556619514117297,0.5,0.4,3.2050406618697145,59.5959595959596,0.020000000000000004,-0.038167072117256326,0.0,0.026483935447387603,6.0
148,14,8,4036050958779290877,0.5,0.4,3.5686556501581346,52.525252525252526,0.020000000000000004,0.0349252382845165,0.0,0.044024958539774124,6.0
149,14,9,4541768881526946342,0.5,0.4,4.072962040135087,47.474747474747474,0.020000000000000004,-0.0038678325508155953,0.0,0.014652588418968568,6.0
150,15,0,5785672570579635025,0.75,0.0,4.208559686080445,41.41414141414141,0.38061375039544465,0.036614467649183115,0.6211180124223602,0.4417817462275294,6.0
151,15,1,11291116105228561017,0.75,0.0,3.4650182933945337,43.43434343434343,0.3849449104235026,0.00118656379928892,0.0,0.431687056055314,6.0
152,15,2,1279604746805987519,0.75,0.0,3.2037054062566415,36.36363636363637,0.4136244298741447,-0.02221628993713353,0.0,0.4310870137285164,6.0
153,15,3,2250209325576886836,0.75,0.0,3.172480333275322,49.494949494949495,0.3728785700039524,0.016734111565377022,0.0,0.44335420518853264,6.0
154,15,4,16177653777175231743,0.75,0.0,3.0051279143128755,40.4040404040404,0.019999999999999997,-0.013675114050451489,0.0,0.44281844709127155,6.0
155,15,5,1217517230346578878,0.75,0.0,2.9749820805201286,57.57575757575758,0.33050285256998313,0.018230955575724638,0.303951367781155,0.46398231898662023,6.0
156,15,6,11293283056338558513,0.75,0.0,3.090999021273697,44.44444444444444,0.29990976257930074,-0.015992861320992747,0.30959752321981426,0.4357576239950432,6.0
157,15,7,3409622982464543205,0.75,0.0,2.8665776029927836,51.515151515151516,0.3427454780223974,-0.0025833809072737263,0.0,0.44519506866243963,6.0
158,15,8,17574631016349145461,0.75,0.0,2.964145602420096,55.55555555555556,0.383828907332972,0.016793952059164643,0.9230769230769231,0.42321084965374345,6.0
159,15,9,16476358660498184445,0.75,0.0,3.3370458372383673,38.38383838383838,0.32597191116220225,0.0011043773511819027,0.6134969325153374,0.43586470062377636,6.0
160,16,0,14621388145823126559,0.75,0.05,3.0261477056633233,49.494949494949495,0.04826702998616982,0.009826084711902909,0.0,0.05290205570486232,6.0
161,16,1,3933414652342700142,0.75,0.05,2.6627051936551407,49.494949494949495,0.030304148117010273,0.004772540833291823,0.0,0.062184161904901315,6.0
162,16,2,8443648797949442230,0.75,0.05,2.931740268740339,45.45454545454545,0.02,-0.00036137205359192104,0.0,0.046986286940056174,6.0
163,16,3,7468097949275079673,0.75,0.05,2.941330611686124,53.535353535353536,0.023394710842212292,0.029490808456315527,0.0,0.05769168814334124,6.0
164,16,4,13376136667913831862,0.75,0.05,3.4577363086739776,39.39393939393939,0.024147069200629166,-0.019892326557813554,0.0,0.06476682144003308,6.0
165,16,5,559343931643569586,0.75,0.05,2.873504219096253,43.43434343434343,0.019999999999999997,-0.013823672067816893,0.0,0.05767298294649258,6.0
166,16,6,2306954234809374535,0.75,0.05,2.9210530370010814,40.4040404040404,0.027678320875680194,0.0035450498194027173,0.0,0.04766440274294327,6.0
167,16,7,15905250156341668734,0.75,0.05,3.6789439507103014,48.484848484848484,0.019999999999999997,0.02708654513897194,0.0,0.06191771613623348,6.0
168,16,8,2505517334141952105,0.75,0.05,4.408291874091156,34.343434343434346,0.023936095559474915,0.0429963642527961,0.0,0.06984752510923742,6.0
169,16,9,8655283191403441419,0.75,0.05,2.9659471492500358,53.535353535353536,0.023513662080447577,-0.002294735569200613,0.0,0.06400732026374842,6.0
170,17,0,7881909541238435603,0.75,0.1,3.1822057766312595,51.515151515151516,0.02127320005017575,0.015660421901756448,0.0,0.02698919660311963,6.0
171,17,1,14209386554323831490,0.75,0.1,3.4633187683769493,48.484848484848484,0.027261719253503604,-0.008449586466824725,0.0,0.040584098031027714,6.0
172,17,2,4892391776632121614,0.75,0.1,3.3177492474303456,50.505050505050505,0.020000000000000004,0.007059543291528062,0.0,0.026947290523280376,6.0
173,17,3,790174306884170175,0.75,0.1,3.8645161049550736,44.44444444444444,0.02,-0.0041825979276424105,0.0,0.04004442137187841,6.0
174,17,4,15180963220744367927,0.75,0.1,3.050295602911668,48.484848484848484,0.020000000000000004,0.023544406841455166,0.0,0.03156913161444181,6.0
175,17,5,6794229010053005822,0.75,0.1,3.5196167960822793,55.55555555555556,0.020000000000000004,-0.01767810558169302,0.0,0.05367762163081114,6.0
176,17,6,1845313753473016201,0.75,0.1,3.5374826024345496,35.35353535353536,0.02,-0.009904691743818602,0.0,0.04121936485985385,6.0
177,17,7,13406534892525398653,0.75,0.1,3.4898567611135674,52.525252525252526,0.019999999999999997,-0.02619389008369028,0.0,0.02578653177941047,6.0
178,17,8,11187280609471544996,0.75,0.1,3.125382644104612,52.525252525252526,0.03356132846746394,0.02494540262247015,0.0,0.03699517065849596,6.0
179,17,9,16235694865175605351,0.75,0.1,3.3283809878756925,37.37373737373738,0.02475566262993519,0.010346248803662477,0.0,0.04674510574253804,6.0
180,18,0,4622139533794607263,0.75,0.2,4.0012842292746305,36.36363636363637,0.019999999999999997,0.012501703443819564,0.0,0.0200514084722709,6.0
181,18,1,2635906683691921951,0.75,0.2,3.9681220825867083,40.4040404040404,0.020000000000000004,0.021238826439652345,0.0,0.02476641211235872,6.0
182,18,2,3999224927598737908,0.75,0.2,3.082961609763988,47.474747474747474,0.02,-0.00045848308535834315,0.0,0.037929943147998815,6.0
183,18,3,11156481482851826737,0.75,0.2,2.995734927744114,56.56565656565657,0.02,-0.009236432344624903,0.0,0.036713139645016865,6.0
184,18,4,9466758228233364281,0.75,0.2,2.893211003523514,56.56565656565657,0.021936156894474132,0.007553020529826522,0.0,0.043874339819176905,6.0
185,18,5,16093898530029076029,0.75,0.2,3.7724574189192595,45.45454545454545,0.020000000000000004,-0.047277643926215106,0.0,0.03607576612146683,6.0
186,18,6,14496076467836675857,0.75,0.2,3.093045051150871,45.45454545454545,0.020000000000000004,0.021167475600787626,0.0,0.036031607775979406,6.0
187,18,7,2971787035119515844,0.75,0.2,2.868891947808099,46.464646464646464,0.023815425803396875,0.02257884343658881,0.0,0.04405423130033485,6.0
188,18,8,15781562803843893789,0.75,0.2,3.686179369741389,33.333333333333336,0.02,0.008931763345948838,0.0,0.018563397759478722,6.0
189,18,9,6883496161622208915,0.75,0.2,3.45819524265033,41.41414141414141,0.0204555252265446,-0.03246992613893542,0.0,0.021086503814761196,6.0
190,19,0,17653128420847588317,0.75,0.4,2.9986598169521437,54.54545454545455,0.02,0.007755980071682816,0.0,0.029989542101221445,6.0
191,19,1,18194136880267351651,0.75,0.4,3.1345692099777556,50.505050505050505,0.020000000000000004,-0.011914238945992665,0.0,0.029315141406994115,6.0
192,19,2,16253412984851521207,0.75,0.4,4.1177932888179125,54.54545454545455,0.02,0.00299058226251515,0.0,0.046086292775113405,6.0
193,19,3,9141699498964383888,0.75,0.4,3.6455554622679482,40.4040404040404,0.020000000000000004,-0.03386590353333354,0.0,0.012625747957561996,6.0
194,19,4,7145754426509700068,0.75,0.4,3.78923516256905,34.343434343434346,0.02,0.0032094450202997294,0.0,0.030512488475937075,6.0
195,19,5,16524548293723675398,0.75,0.4,3.5858035726714057,54.54545454545455,0.02,0.005202968152014993,0.0,0.0421326246002948,6.0
196,19,6,93133906881822650,0.75,0.4,3.8426529275158834,44.44444444444444,0.019999999999999997,0.02128845713193236,0.0,0.03977722631022788,6.0
197,19,7,13459066228613404161,0.75,0.4,3.6066563453068725,45.45454545454545,0.02235013544228713,0.002536822196075972,0.0,0.0368402111853442,6.0
198,19,8,9631814801395520394,0.75,0.4,2.8833445423196395,63.63636363636363,0.020000000000000004,-0.03229650048660248,0.0,0.03932017070827724,6.0
199,19,9,1381830517646262776,0.75,0.4,3.3904791622938433,44.44444444444444,0.020000000000000004,0.00795495346213081,0.3401360544217687,0.04706503976079301,6.0
200,20,0,4597100460868505515,1.0,0.0,3.1880433180742433,48.484848484848484,0.416245329556012,-0.0019170714627956594,0.30959752321981426,0.46464178284032853,6.0
201,20,1,12661995230671901117,1.0,0.0,4.579591159804814,23.232323232323232,0.3707971745774115,-0.03366961851907263,0.0,0.4368312315060609,6.0
202,20,2,4443580999381350828,1.0,0.0,2.8594827612713924,50.505050505050505,0.2920638561689117,0.013800291237913185,0.0,0.43043327157692046,6.0
203,20,3,6356991999305301058,1.0,0.0,2.7570743945386416,50.505050505050505,0.285144588133432,0.01300313530613047,0.0,0.42582983458057827,6.0
204,20,4,7880480357013182005,1.0,0.0,3.206282121659121,36.36363636363637,0.3257589902470399,-0.0005765766794948228,0.6230529595015576,0.43576311281388325,6.0
205,20,5,11524197726595687712,1.0,0.0,2.6543286882083175,52.525252525252526,0.3995171238307284,-0.005498683621725005,0.31446540880503143,0.45542977299406645,6.0
206,20,6,17985466823688301435,1.0,0.0,3.217187200409361,51.515151515151516,0.3981569455392807,5.010735380820774e-05,0.0,0.4449458833120573,6.0
207,20,7,14400575767040260937,1.0,0.0,3.323003667431107,36.36363636363637,0.31753730915872946,0.015410337419668756,0.6153846153846154,0.4375307791059801,6.0
208,20,8,13116542540597445672,1.0,0.0,3.7927513693004506,26.262626262626263,0.46106050722717895,-0.046940451168999586,0.0,0.45212538937875785,6.0
209,20,9,5799371535288786908,1.0,0.0,3.194499275581836,52.525252525252526,0.412095205858967,0.027948387089570387,0.0,0.44507260168848134,6.0
210,21,0,9317758228126454265,1.0,0.05,3.593561012645323,48.484848484848484,0.07664690865423229,-0.0418323087832875,0.0,0.05429728751766759,6.0
211,21,1,12100755932176716014,1.0,0.05,3.340277018347179,43.43434343434343,0.022716396768013666,-0.037259913034491894,0.3115264797507788,0.05618199129532392,6.0
212,21,2,14637803407518802310,1.0,0.05,3.234808319220176,44.44444444444444,0.02070753233442251,0.0011926845141181934,0.0,0.06771545223233681,6.0
213,21,3,8530545973593547010,1.0,0.05,3.012490585450399,49.494949494949495,0.026169687962952,0.015605885749187332,0.0,0.06832268982854266,6.0
214,21,4,6247441897746779414,1.0,0.05,3.0476702754297986,56.56565656565657,0.02891056768825246,-0.0008970716528984277,0.0,0.0699655494231928,6.0
215,21,5,18172798295245585845,1.0,0.05,3.2150885648039162,44.44444444444444,0.037579944722938505,0.03213458240843397,0.0,0.06105256821992055,6.0
216,21,6,1409938223611482455,1.0,0.05,3.4714621583057697,53.535353535353536,0.029913427027353057,0.006625697027465569,0.0,0.06473787450837644,6.0
217,21,7,5969074188449779420,1.0,0.05,2.8707307884841384,52.525252525252526,0.03702342549860395,-0.014448752105080159,0.0,0.055296564218793066,6.0
218,21,8,783280959081694705,1.0,0.05,3.5843791505735583,42.42424242424242,0.028001408599060536,0.0020964130165609606,0.0,0.06652571373432331,6.0
219,21,9,5264115730787739160,1.0,0.05,3.147523806224243,48.484848484848484,0.020000000000000004,-0.0284121297017956,0.0,0.05785774020544654,6.0
220,22,0,8429703657434238900,1.0,0.1,3.4365681391700402,46.464646464646464,0.02,0.008553721380678864,0.0,0.049314611780137345,6.0
221,22,1,18406268676847762873,1.0,0.1,4.113092760752346,32.323232323232325,0.020000000000000004,-0.046374861734572906,0.0,0.04310615322979282,6.0
222,22,2,17227547470094431396,1.0,0.1,2.8641091670391075,54.54545454545455,0.02,-0.008857361289764902,0.0,0.05829222034717756,6.0
223,22,3,4940621040232011939,1.0,0.1,3.9073013552770357,43.43434343434343,0.02,-0.005598708981820909,0.0,0.03372971079016699,6.0
224,22,4,16890383778322120698,1.0,0.1,3.6937744253886304,36.36363636363637,0.020000000000000004,0.021540347928773927,0.0,0.04605016100894766,6.0
225,22,5,17238356055251334912,1.0,0.1,4.610868326040444,27.272727272727273,0.020000000000000004,-0.027034336404856113,0.0,0.02888341444979845,6.0
226,22,6,9720886559480607163,1.0,0.1,3.1817270530285895,36.36363636363637,0.020000000000000004,0.033070601622747706,0.0,0.04000917897679342,6.0
227,22,7,12242459999810823321,1.0,0.1,3.6351234459902253,51.515151515151516,0.020000000000000004,0.03218196875333372,0.0,0.03507805625030003,6.0
228,22,8,15408275249792260708,1.0,0.1,2.711019520854509,55.55555555555556,0.020000000000000004,0.022448720708416397,0.0,0.024781734487245723,6.0
229,22,9,15069202706878247189,1.0,0.1,4.575948426230042,22.22222222222222,0.02,0.0002999072572044822,0.0,0.02596559511214516,6.0
230,23,0,12950368064396778446,1.0,0.2,3.0535890397359795,50.505050505050505,0.020000000000000004,-0.022387363353116734,0.0,0.03869739363526045,6.0
231,23,1,8670451043204730546,1.0,0.2,3.2923306715073637,49.494949494949495,0.020539236229595158,-0.0009759003005290729,0.0,0.01955670526564814,6.0
232,23,2,1895757482875340424,1.0,0.2,3.184598862648369,49.494949494949495,0.02,-0.0013020171139883172,0.0,0.03454813398121547,6.0
233,23,3,10694668671929449122,1.0,0.2,4.722335167334109,22.22222222222222,0.020000000000000004,-0.04416531129004716,0.0,0.04157208615092107,6.0
234,23,4,15864126469145424138,1.0,0.2,3.522404645508919,47.474747474747474,0.019999999999999997,-0.0188098348436746,0.0,0.019032966943506927,6.0
235,23,5,8883168070563148485,1.0,0.2,3.521583908956568,32.323232323232325,0.020889181733018534,-0.03970231234265507,0.0,0.05066255213119948,6.0
236,23,6,9980420839241058995,1.0,0.2,2.967746917415813,34.343434343434346,0.019999999999999997,-0.009979381938932563,0.0,0.018980155974828467,6.0
237,23,7,9507202924206162413,1.0,0.2,3.365843490326914,49.494949494949495,0.020000000000000004,-0.028734052835796966,0.0,0.039169798322359034,6.0
238,23,8,12883025248563037922,1.0,0.2,3.4220347251019096,54.54545454545455,0.020000000000000004,-0.022757445235288595,0.0,0.018922074482711045,6.0
239,23,9,1007476866522099087,1.0,0.2,3.163787005669488,42.42424242424242,0.019999999999999997,0.03207351968735208,0.0,0.018897538127370134,6.0
240,24,0,10675275024235559128,1.0,0.4,2.851725155655966,55.55555555555556,0.02,0.0022839746978106953,0.0,0.013297586770780448,6.0
241,24,1,10039216873072886177,1.0,0.4,3.1782757697888435,51.515151515151516,0.019999999999999997,0.013945888593021824,0.0,0.03289125599011338,6.0
242,24,2,5430734099104884748,1.0,0.4,3.5496890514873987,47.474747474747474,0.02,-0.0037777837947278944,0.0,0.01399702892595491,6.0
243,24,3,13163682546670476987,1.0,0.4,3.181853962244728,57.57575757575758,0.020820472020110174,-0.011141493557191028,0.0,0.013533146310742332,6.0
244,24,4,1966950659126887412,1.0,0.4,2.940843438464078,44.44444444444444,0.020000000000000004,-0.04409941691460738,0.0,0.033164729553376314,6.0
245,24,5,13363510403618206231,1.0,0.4,3.1995126534470057,54.54545454545455,0.02,0.012055520967308943,0.0,0.013207801450404162,6.0
246,24,6,15677174155121962932,1.0,0.4,3.3027946034844002,42.42424242424242,0.01999999999999999,-0.0746931154047639,0.0,0.06443413105304112,6.0
247,24,7,12922817848248821570,1.0,0.4,3.503301971538611,47.474747474747474,0.020000000000000004,-0.01339338825919338,0.0,0.032596276394802955,6.0
248,24,8,6333834763030242371,1.0,0.4,3.3042783247357477,52.525252525252526,0.02192506810094213,0.014506761308811364,0.0,0.042841094022209536,6.0
249,24,9,14695843685518560181,1.0,0.4,3.2926320792232655,47.474747474747474,0.02,-0.012987546389544588,0.0,0.046603425961082655,6.0
