run_id,condition_index,repetition,seed,electorate_shape,homophily,social_influence,mean_margin,control_change_rate,party_gap,mean_voter_ideology,switch_rate,ideology_sd,mean_degree
0,0,0,6732211029103980365,single-peaked,0.0,0.0,3.073960347305981,48.484848484848484,0.3142899773179675,0.010521237449947261,0.0,0.2587717892507416,6.0
1,0,1,7363769810663734884,single-peaked,0.0,0.0,3.151446509461193,48.484848484848484,0.3185493828555421,0.0039605581103528764,0.0,0.2473084481384562,6.0
2,0,2,640215193668696924,single-peaked,0.0,0.0,3.71779883829028,44.44444444444444,0.2702166888338622,0.0009461721005620936,0.31446540880503143,0.2731688254289446,6.0
3,0,3,16192813914118156599,single-peaked,0.0,0.0,4.205473877474926,39.39393939393939,0.28529550099493417,-0.033043562704451274,0.3067484662576687,0.2686376263189358,6.0
4,0,4,9109373659001110501,single-peaked,0.0,0.0,3.586973378349215,57.57575757575758,0.2888912879864147,0.005239971095721989,0.0,0.25849738633921326,6.0
5,0,5,1934608155990770807,single-peaked,0.0,0.0,4.475004976906061,25.252525252525253,0.3238393899389217,0.01584081017049128,0.32051282051282054,0.269362017016931,6.0
6,0,6,2542272686907149980,single-peaked,0.0,0.0,3.1560734411395606,54.54545454545455,0.3395178090424734,0.006851461924448751,0.0,0.28418207927530387,6.0
7,0,7,629582047894846973,single-peaked,0.0,0.0,3.5249181768074083,51.515151515151516,0.349200144338615,0.012314611327609718,0.0,0.26055144163221067,6.0
8,0,8,9376572225247809292,single-peaked,0.0,0.0,3.1469326815182677,57.57575757575758,0.29127131147068164,-0.0003643117610284783,0.0,0.2717565457838747,6.0
9,0,9,8475624297105496582,single-peaked,0.0,0.0,3.263491839744245,66.66666666666667,0.28719307342596706,0.008640346761760226,0.0,0.26617097522215233,6.0
10,1,0,11813358698774281337,single-peaked,0.0,0.05,3.5527469566776757,49.494949494949495,0.020000000000000004,0.008251171226537703,0.0,0.039344899004636974,6.0
11,1,1,11167765594051486022,single-peaked,0.0,0.05,3.2303418428216464,44.44444444444444,0.02524554755738772,0.016566973676088233,0.0,0.037050090528736174,6.0
12,1,2,18372707036901259982,single-peaked,0.0,0.05,3.8187139835910267,62.62626262626262,0.020000000000000004,0.014319339814640227,0.0,0.04934542584654013,6.0
13,1,3,10996313598350556435,single-peaked,0.0,0.05,3.3810997786105834,53.535353535353536,0.02931073347865498,0.01425708353325575,0.0,0.0409307237719633,6.0
14,1,4,8632091017883381980,single-peaked,0.0,0.05,3.4248572938394153,47.474747474747474,0.02495816109851744,0.016653153942724073,0.0,0.04119820369208929,6.0
15,1,5,12332697061631268829,single-peaked,0.0,0.05,3.4604511578019674,46.464646464646464,0.02,-0.0012438054206375657,0.0,0.04641022128539038,6.0
16,1,6,882113974141715997,single-peaked,0.0,0.05,3.2075398153247034,58.58585858585859,0.02,0.005326328567001767,0.0,0.03748573076874267,6.0
17,1,7,11224378022801459119,single-peaked,0.0,0.05,3.504296320615645,47.474747474747474,0.02,0.0006869882839290426,0.0,0.03877416904165522,6.0
18,1,8,5504380673345173197,single-peaked,0.0,0.05,3.786897735312973,41.41414141414141,0.020000000000000004,-0.008913624953855255,0.0,0.04013055372074878,6.0
19,1,9,11564502455677671033,single-peaked,0.0,0.05,3.2030482763584622,55.55555555555556,0.04597358776976697,-0.0007862274299938174,0.0,0.040358704811881925,6.0
20,2,0,13480735115891270680,single-peaked,0.0,0.1,3.917314275709491,45.45454545454545,0.024419683260597274,0.0035443079061908637,0.0,0.027612738678960618,6.0
21,2,1,16629575718139028187,single-peaked,0.0,0.1,2.761776552030116,54.54545454545455,0.02,0.004334775981534543,0.0,0.03350994347657112,6.0
22,2,2,2641440030196927859,single-peaked,0.0,0.1,3.8974672935708856,46.464646464646464,0.020000000000000004,0.01671705118258307,0.0,0.025593259993967773,6.0
23,2,3,7483454082054145210,single-peaked,0.0,0.1,3.572982850644645,58.58585858585859,0.019999999999999997,-0.013566150800671284,0.0,0.02728569006521931,6.0
24,2,4,3783996313973092193,single-peaked,0.0,0.1,3.0783261178398065,56.56565656565657,0.02,0.005059745484919282,0.0,0.02517509885127672,6.0
25,2,5,10102254913116508991,single-peaked,0.0,0.1,3.0896077354639533,44.44444444444444,0.02,-0.0014955122401416733,0.0,0.02625215693082054,6.0
26,2,6,5480380769795015057,single-peaked,0.0,0.1,3.3128681468178103,42.42424242424242,0.02,0.004015993893488056,0.0,0.030838666701192053,6.0
27,2,7,18065158035396679698,single-peaked,0.0,0.1,3.4362582769288412,51.515151515151516,0.02,0.011475585019664815,0.0,0.027998155643820265,6.0
28,2,8,11404503818032373861,single-peaked,0.0,0.1,4.6359847140702275,43.43434343434343,0.02,0.005088791593116968,0.0,0.02815686174104772,6.0
29,2,9,6683914713890887688,single-peaked,0.0,0.1,4.181692248021641,38.38383838383838,0.02,-0.003664592450288969,0.0,0.025954195595254213,6.0
30,3,0,9585182945014615410,single-peaked,0.0,0.2,3.2601855001746554,52.525252525252526,0.019999999999999997,0.01403280515691391,0.0,0.01920848312682091,6.0
31,3,1,11977956704108605906,single-peaked,0.0,0.2,3.6146487558547293,48.484848484848484,0.02022998171070218,-0.013035279720779648,0.0,0.03126783103940942,6.0
32,3,2,10830833137183460557,single-peaked,0.0,0.2,3.364117335292656,52.525252525252526,0.020000000000000004,-0.005946541081670343,0.0,0.018253245740709335,6.0
33,3,3,13788386966921405064,single-peaked,0.0,0.2,4.87595780350325,25.252525252525253,0.020000000000000004,0.01891067023120663,0.0,0.025573754996033853,6.0
34,3,4,11073768380919760425,single-peaked,0.0,0.2,3.531340851018052,57.57575757575758,0.02447411934076396,0.008462467921362913,0.0,0.023060925580179154,6.0
35,3,5,17753750358869550995,single-peaked,0.0,0.2,3.9177037080904706,48.484848484848484,0.02,0.005227929989740169,0.0,0.02697649697990268,6.0
36,3,6,5609512454171761219,single-peaked,0.0,0.2,3.8398670640763104,41.41414141414141,0.020000000000000004,-0.005907172313472051,0.0,0.018905231466499774,6.0
37,3,7,13170693422933572454,single-peaked,0.0,0.2,3.5155798492217776,56.56565656565657,0.020000000000000004,-0.01047417148184747,0.0,0.03304651502699256,6.0
38,3,8,5818152638373820497,single-peaked,0.0,0.2,3.4943811618000074,57.57575757575758,0.02,0.006276331683891803,0.0,0.023222498816093746,6.0
39,3,9,7018209618647598333,single-peaked,0.0,0.2,3.350873701039212,42.42424242424242,0.0267915108762321,0.0005288842560388205,0.0,0.021857740823321953,6.0
40,4,0,4088514146405697014,single-peaked,0.0,0.4,3.8823787586088168,46.464646464646464,0.019999999999999997,0.01771495941492128,0.0,0.014538084348459933,6.0
41,4,1,15088848316208202454,single-peaked,0.0,0.4,3.4595356931818344,50.505050505050505,0.020000000000000004,0.008126154671181973,0.0,0.013180976411768077,6.0
42,4,2,15214696405782943633,single-peaked,0.0,0.4,3.1248979737765774,50.505050505050505,0.020835432557525797,0.006347763200890261,0.0,0.013740507044261868,6.0
43,4,3,16041483791146895363,single-peaked,0.0,0.4,4.055551450441516,51.515151515151516,0.020000000000000004,-0.03703865361900875,0.0,0.02011831033770096,6.0
44,4,4,9604378203638656927,single-peaked,0.0,0.4,3.964209796631896,55.55555555555556,0.020000000000000004,0.0238648376389668,0.0,0.01392319931097407,6.0
45,4,5,2355868852405100719,single-peaked,0.0,0.4,4.780021850662304,33.333333333333336,0.02,-0.003008562676308375,0.0,0.013900961604121702,6.0
46,4,6,12846525153299331592,single-peaked,0.0,0.4,4.421544083507948,43.43434343434343,0.020000000000000004,0.023349294100248524,0.0,0.013578566503937862,6.0
47,4,7,9303968945936952555,single-peaked,0.0,0.4,3.815641614052059,50.505050505050505,0.024341280570202857,-0.019153573201996878,0.0,0.013918412373209378,6.0
48,4,8,2541214929352476731,single-peaked,0.0,0.4,3.517618306802399,59.5959595959596,0.02,0.008764128666220198,0.0,0.014083121314028951,6.0
49,4,9,5718856635558986870,single-peaked,0.0,0.4,3.8477039568737497,53.535353535353536,0.019999999999999997,-0.020573638320950636,0.0,0.02087291350965671,6.0
50,5,0,11898539986004871143,single-peaked,0.25,0.0,3.1705690369814046,56.56565656565657,0.3559169429974959,-0.010911926839710156,0.3125,0.271933543367574,6.0
51,5,1,8831870331447041460,single-peaked,0.25,0.0,3.535818297908623,49.494949494949495,0.3390041603068782,-0.005750348965792563,0.3048780487804878,0.2606943484550794,6.0
52,5,2,13130685633077673140,single-peaked,0.25,0.0,3.2406383150222906,48.484848484848484,0.3227361770998202,-0.007833861867735449,0.31645569620253167,0.28061766954431,6.0
53,5,3,14481796841627677838,single-peaked,0.25,0.0,3.3667970621187155,58.58585858585859,0.33188790766882015,0.012712819457504404,0.3067484662576687,0.2595834323667204,6.0
54,5,4,10391511841218276091,single-peaked,0.25,0.0,3.1908383847902018,52.525252525252526,0.28115482433223515,0.002677480378450335,0.0,0.2596226828162793,6.0
55,5,5,13743391826615082380,single-peaked,0.25,0.0,2.8803250189213383,55.55555555555556,0.3417765252244418,-0.013702663762923683,0.0,0.2598386326744288,6.0
56,5,6,3426838219483703262,single-peaked,0.25,0.0,3.137111752473253,49.494949494949495,0.28418752405206477,-0.013057514416014219,0.0,0.27625427735782293,6.0
57,5,7,14394845818615838082,single-peaked,0.25,0.0,3.1956715176550885,53.535353535353536,0.3247609125763914,-0.01804580546844178,0.0,0.26047776512297444,6.0
58,5,8,9463849237463693047,single-peaked,0.25,0.0,3.5810416372949896,47.474747474747474,0.28185561425193645,0.004862041894455252,0.970873786407767,0.2665762105778652,6.0
59,5,9,7127195628492786659,single-peaked,0.25,0.0,2.787271378861966,46.464646464646464,0.30714792938175706,0.001368288693619963,0.5988023952095808,0.2782401067117321,6.0
60,6,0,8447105117482885663,single-peaked,0.25,0.05,3.8861374436288316,48.484848484848484,0.033002320068838395,0.006071147106653417,0.0,0.04422868235562299,6.0
61,6,1,2736410706574724016,single-peaked,0.25,0.05,3.5107729794710885,54.54545454545455,0.06877417824488152,0.00026418565803734185,0.0,0.03966755463147937,6.0
62,6,2,8837402911600931823,single-peaked,0.25,0.05,3.252641671688229,49.494949494949495,0.024396387141711214,-0.015442676879761202,0.0,0.04051162196258147,6.0
63,6,3,1472212698836120339,single-peaked,0.25,0.05,3.1072210442238877,53.535353535353536,0.019999999999999997,0.015598913523018123,0.0,0.04006857216009401,6.0
64,6,4,1587993772778303977,single-peaked,0.25,0.05,3.508733144580359,51.515151515151516,0.02,-2.125770828383433e-05,0.0,0.05712403680827731,6.0
65,6,5,2837979200007860214,single-peaked,0.25,0.05,3.765661696969935,47.474747474747474,0.0429063950979275,-0.013652547920471858,0.0,0.039711380148119264,6.0
66,6,6,12153215198821041489,single-peaked,0.25,0.05,3.5534350710009655,44.44444444444444,0.02,-0.007074757294816336,0.0,0.04073852228670647,6.0
67,6,7,16518484273491334507,single-peaked,0.25,0.05,3.9716717149139837,42.42424242424242,0.02,-0.0055655651293442686,0.0,0.04001364207385002,6.0
68,6,8,18308156584085411329,single-peaked,0.25,0.05,3.425408761536922,45.45454545454545,0.029512148124969245,0.007781758210736915,0.0,0.037167256428392574,6.0
69,6,9,10773996244063839151,single-peaked,0.25,0.05,3.4071151943692772,48.484848484848484,0.02204562139351298,0.01589303304107428,0.0,0.042997965307211714,6.0
70,7,0,11748567291781045303,single-peaked,0.25,0.1,3.3130514984076984,48.484848484848484,0.02,-0.006770565340990546,0.0,0.027009810595427352,6.0
71,7,1,2344020488999445215,single-peaked,0.25,0.1,4.561288552215073,50.505050505050505,0.020000000000000004,0.0222714752472585,0.0,0.029974712746448334,6.0
72,7,2,10198466368858625575,single-peaked,0.25,0.1,3.0437672979067254,44.44444444444444,0.02,0.0029299785137872282,0.0,0.02684190021986239,6.0
73,7,3,16624729137053530569,single-peaked,0.25,0.1,3.6930331995412864,57.57575757575758,0.019999999999999997,0.02038655985960112,0.0,0.03410145657663494,6.0
74,7,4,16115625297944650286,single-peaked,0.25,0.1,3.093695758416369,51.515151515151516,0.02,0.005539446889115657,0.0,0.026159361672183183,6.0
75,7,5,94020409594689393,single-peaked,0.25,0.1,3.215140667550157,50.505050505050505,0.02,0.0010175060582440249,0.0,0.027369374630107832,6.0
76,7,6,4479950554979710181,single-peaked,0.25,0.1,3.393367134267516,46.464646464646464,0.02282707462020251,0.006891788147526755,0.0,0.04504741706869355,6.0
77,7,7,3362185926873796554,single-peaked,0.25,0.1,4.156547401493608,36.36363636363637,0.024959733650483075,-0.04547619254223021,0.0,0.026062892996551446,6.0
78,7,8,1368147670836479605,single-peaked,0.25,0.1,3.373865038627505,58.58585858585859,0.019999999999999997,0.002263638598416003,0.0,0.02694051213922114,6.0
79,7,9,15420245104052977121,single-peaked,0.25,0.1,4.405893366350779,33.333333333333336,0.020705060537679246,0.005304055521415495,0.0,0.028451001713553394,6.0
80,8,0,8969379625482463323,single-peaked,0.25,0.2,3.493788491784776,49.494949494949495,0.0215840557038763,0.02005845106277192,0.0,0.02443973610797247,6.0
81,8,1,812534183166186023,single-peaked,0.25,0.2,3.8845964082559554,45.45454545454545,0.020000000000000004,-0.016212101942362358,0.0,0.020266499959565865,6.0
82,8,2,4459356916642453378,single-peaked,0.25,0.2,3.3668016135767775,56.56565656565657,0.02,-0.004126890658827114,0.0,0.017340390143329786,6.0
83,8,3,7271930330608750935,single-peaked,0.25,0.2,3.4937897514495484,44.44444444444444,0.020000000000000004,-0.008794744842002107,0.0,0.019136591589060753,6.0
84,8,4,2366562354374441280,single-peaked,0.25,0.2,3.046760890048713,55.55555555555556,0.02,-0.0077292963766544855,0.0,0.0282025114145669,6.0
85,8,5,17782303857110394104,single-peaked,0.25,0.2,2.941345605997581,52.525252525252526,0.02,0.00731634549344281,0.0,0.021793018721596107,6.0
86,8,6,17949003411782014105,single-peaked,0.25,0.2,3.245410383855982,60.60606060606061,0.02,-0.006255004433838698,0.0,0.022880475947239548,6.0
87,8,7,5536561032418228986,single-peaked,0.25,0.2,3.394171339486727,54.54545454545455,0.02,-0.011549823966268849,0.0,0.03159282960792728,6.0
88,8,8,17877164780515448575,single-peaked,0.25,0.2,4.169969590405038,39.39393939393939,0.020000000000000004,-0.02822780175579752,0.0,0.03283774716786474,6.0
89,8,9,6869067233092657894,single-peaked,0.25,0.2,3.630100014234998,51.515151515151516,0.019999999999999997,0.007286482831014133,0.0,0.025169807791169185,6.0
90,9,0,12463835576774874093,single-peaked,0.25,0.4,3.344882150056673,50.505050505050505,0.019999999999999997,0.011907670184139758,0.0,0.031690916403717066,6.0
91,9,1,14204533691357261268,single-peaked,0.25,0.4,3.7592453086951783,36.36363636363637,0.02,0.013597916723073098,0.0,0.012848332471794547,6.0
92,9,2,2762365394769316878,single-peaked,0.25,0.4,3.6131114281847316,60.60606060606061,0.021469967147710673,0.00783897436381897,0.0,0.014766394315152056,6.0
93,9,3,413396202733774929,single-peaked,0.25,0.4,4.240590389095635,43.43434343434343,0.02,-0.0003459417044945747,0.0,0.013872601025690727,6.0
94,9,4,9446862724301054897,single-peaked,0.25,0.4,3.592867795331332,54.54545454545455,0.02,0.006420076459765519,0.0,0.016756131226449898,6.0
95,9,5,5133238252304739252,single-peaked,0.25,0.4,3.5068072708444458,56.56565656565657,0.020000000000000004,-0.007173407565208235,0.0,0.01883489693488128,6.0
96,9,6,9261352968746621353,single-peaked,0.25,0.4,3.945396901273203,42.42424242424242,0.02,0.008390986003766868,0.0,0.01398997895729171,6.0
97,9,7,10277034782500015421,single-peaked,0.25,0.4,3.627235921696904,52.525252525252526,0.02,0.011620148860740954,0.0,0.014199167980025455,6.0
98,9,8,12248589158053842283,single-peaked,0.25,0.4,4.238597895150021,40.4040404040404,0.02,-0.0002946904122421836,0.0,0.015129309241308182,6.0
99,9,9,16267575989479535636,single-peaked,0.25,0.4,4.188706366914901,56.56565656565657,0.019999999999999997,-0.02202680720978192,0.0,0.037626698915727404,6.0
100,10,0,17993446110742428120,single-peaked,0.5,0.0,3.258453706671489,40.4040404040404,0.3306122013703001,0.0005671701122430015,0.0,0.2726640162043429,6.0
101,10,1,1070939494104471084,single-peaked,0.5,0.0,2.9344486521179625,56.56565656565657,0.17145699126746733,0.0037830671496615485,0.0,0.2657197654883239,6.0
102,10,2,15088579552237662534,single-peaked,0.5,0.0,3.098944475503795,51.515151515151516,0.30142941835848835,0.0068874043895268645,0.0,0.277822129316029,6.0
103,10,3,4470021598131136932,single-peaked,0.5,0.0,2.985077493507036,48.484848484848484,0.3528847486350781,0.015469467258916627,0.0,0.25855483371777416,6.0
104,10,4,9793718349606603098,single-peaked,0.5,0.0,3.920656199418529,46.464646464646464,0.3495085770998705,-0.007725057981892028,0.3105590062111801,0.25496772848436217,6.0
105,10,5,10218000982517846828,single-peaked,0.5,0.0,3.011145005901325,49.494949494949495,0.36461390577528985,0.004245976113217494,0.970873786407767,0.27133433049317357,6.0
106,10,6,10533646839970606577,single-peaked,0.5,0.0,3.1393465705623917,56.56565656565657,0.2238968577596584,0.010406286005909692,0.0,0.26410133390034446,6.0
107,10,7,8046749455410929025,single-peaked,0.5,0.0,4.396790929189039,34.343434343434346,0.38455554589982155,0.02054871268926798,0.0,0.26342866182429775,6.0
108,10,8,9376866213381892897,single-peaked,0.5,0.0,3.2567811319131805,28.282828282828284,0.30111893893715064,-0.007133421532120436,0.0,0.2739338435271657,6.0
109,10,9,9669493429098006276,single-peaked,0.5,0.0,3.3350109904064364,43.43434343434343,0.3125171036910911,-0.006745691126091509,0.0,0.2665906497169267,6.0
110,11,0,9622043390094046027,single-peaked,0.5,0.05,3.566234541695025,53.535353535353536,0.02,-0.011110863645023707,0.0,0.040220969063392606,6.0
111,11,1,5749651749768914642,single-peaked,0.5,0.05,3.5811139996949377,55.55555555555556,0.02,-0.010485737624496786,0.0,0.039199048681530936,6.0
112,11,2,14095109987265160079,single-peaked,0.5,0.05,3.009533587451732,57.57575757575758,0.02,-0.0001900348149434079,0.0,0.04239355272324575,6.0
113,11,3,8460392638065475407,single-peaked,0.5,0.05,3.6054379360155577,58.58585858585859,0.020000000000000004,0.007735675171683246,0.0,0.039536089978331405,6.0
114,11,4,330302864667207490,single-peaked,0.5,0.05,3.753821303318878,39.39393939393939,0.02,0.0015637979501785563,0.0,0.03985883067499229,6.0
115,11,5,3612933779925670124,single-peaked,0.5,0.05,3.4652942437244203,48.484848484848484,0.03152992910739729,-0.01504483019078932,0.0,0.042761323083278735,6.0
116,11,6,6551251244845102990,single-peaked,0.5,0.05,3.0285906642727944,53.535353535353536,0.020000000000000004,-0.020766188430956945,0.0,0.04819957096764811,6.0
117,11,7,14544067797267608002,single-peaked,0.5,0.05,3.593855105449464,39.39393939393939,0.022275843827792616,0.005578572417281215,0.0,0.03629128927532491,6.0
118,11,8,6536510575141532987,single-peaked,0.5,0.05,4.491907336347786,36.36363636363637,0.020000000000000004,-0.0323286011292103,0.0,0.04107119523792573,6.0
119,11,9,3051157541697485060,single-peaked,0.5,0.05,3.427876564511372,50.505050505050505,0.02091917892776875,0.012155150814573534,0.0,0.050681596143746,6.0
120,12,0,9890012337803890400,single-peaked,0.5,0.1,3.0030663071130514,55.55555555555556,0.029676644438750413,0.01333315701617196,0.0,0.027705713603340818,6.0
121,12,1,10214464978333653159,single-peaked,0.5,0.1,3.7702769826931926,45.45454545454545,0.019999999999999997,0.01323281997839844,0.0,0.027476814608165853,6.0
122,12,2,15806474221166493008,single-peaked,0.5,0.1,3.0634776148655147,53.535353535353536,0.027012149118360907,-0.006165541059541336,0.0,0.029880412976817095,6.0
123,12,3,7048633239113422169,single-peaked,0.5,0.1,3.0222694028797914,57.57575757575758,0.019999999999999997,-0.007714347867024061,0.0,0.025862064364082348,6.0
124,12,4,72008310004185909,single-peaked,0.5,0.1,3.0798621940652993,52.525252525252526,0.02,-0.00536719497566743,0.0,0.02653493433313879,6.0
125,12,5,14274169119499243887,single-peaked,0.5,0.1,3.5113819943073397,36.36363636363637,0.02,0.0014922838930736012,0.0,0.027660945949642846,6.0
126,12,6,18186088306609602373,single-peaked,0.5,0.1,3.4242322501145512,43.43434343434343,0.020000000000000004,0.003195181225612193,0.0,0.029088324600686888,6.0
127,12,7,10333526321137924693,single-peaked,0.5,0.1,3.0456226071878727,52.525252525252526,0.020219771164022522,0.014269264202377544,0.0,0.027005036782036442,6.0
128,12,8,10296748672868390557,single-peaked,0.5,0.1,3.169768489100251,55.55555555555556,0.02,0.008274365711647835,0.0,0.026062471427481266,6.0
129,12,9,9182616128308575558,single-peaked,0.5,0.1,3.2928688461432474,47.474747474747474,0.02,-0.016653904962548607,0.0,0.030510831536970245,6.0
130,13,0,14511913176405470911,single-peaked,0.5,0.2,3.8864331104411587,46.464646464646464,0.02162053025147789,-0.006171315016746776,0.0,0.01845739462050209,6.0
131,13,1,4012650215271781744,single-peaked,0.5,0.2,3.52556925289749,53.535353535353536,0.020000000000000004,0.026890741247457408,0.0,0.021267989850864328,6.0
132,13,2,133531205544571467,single-peaked,0.5,0.2,4.08675738344638,49.494949494949495,0.020000000000000004,0.01849514575807786,0.0,0.02140967666662133,6.0
133,13,3,10430986369398749416,single-peaked,0.5,0.2,3.5561214718167435,51.515151515151516,0.019999999999999997,0.017192097847250443,0.0,0.020604582622795388,6.0
134,13,4,4075549257085616637,single-peaked,0.5,0.2,4.283052308623329,33.333333333333336,0.02,-0.002994754013243779,0.0,0.025953280020431926,6.0
135,13,5,16959186195339284804,single-peaked,0.5,0.2,3.290300876004743,53.535353535353536,0.02,0.01313313900304994,0.0,0.019593950019155152,6.0
136,13,6,10061548300535377597,single-peaked,0.5,0.2,3.616254565898135,53.535353535353536,0.02,0.007287144933332103,0.0,0.02695787236132865,6.0
137,13,7,11852524628368218867,single-peaked,0.5,0.2,3.85977632117456,44.44444444444444,0.020000000000000004,-0.02747118668302365,0.0,0.02499465001531578,6.0
138,13,8,12332268172835862522,single-peaked,0.5,0.2,3.895641339863675,44.44444444444444,0.019999999999999997,0.014382448329695739,0.0,0.019531661835316683,6.0
139,13,9,11980982184775988482,single-peaked,0.5,0.2,3.4035180966590115,50.505050505050505,0.019999999999999997,-0.01216722493210451,0.0,0.017887070865336217,6.0
140,14,0,10192793611251936232,single-peaked,0.5,0.4,3.850179431498534,52.525252525252526,0.02,0.00038272913531820575,0.0,0.013618400127394913,6.0
141,14,1,1075882700702314194,single-peaked,0.5,0.4,3.63014564464115,54.54545454545455,0.02,-0.0016393885912997744,0.0,0.038688343585389716,6.0
142,14,2,13850539159153204987,single-peaked,0.5,0.4,3.695874875448792,49.494949494949495,0.02113829275260419,0.019848701007311922,0.0,0.01895163674098724,6.0
143,14,3,8809480889098333900,single-peaked,0.5,0.4,4.222817473994168,42.42424242424242,0.02,-0.002683076878385771,0.0,0.016153110689736332,6.0
144,14,4,14335960099179802690,single-peaked,0.5,0.4,4.084755617807722,38.38383838383838,0.020000000000000004,-0.024227018337250397,0.0,0.03353243610062144,6.0
145,14,5,16713441534524867131,single-peaked,0.5,0.4,3.535134554830699,38.38383838383838,0.02,0.012033594719818453,0.0,0.014068809922477945,6.0
146,14,6,6219401012661869807,single-peaked,0.5,0.4,3.8689295269653052,49.494949494949495,0.019999999999999997,-0.003098546073149483,0.0,0.013392534674031616,6.0
147,14,7,17630290634064165348,single-peaked,0.5,0.4,3.80832821916224,46.464646464646464,0.020000000000000004,-0.03918601862133841,0.0,0.03265434695250363,6.0
148,14,8,12110108523383658238,single-peaked,0.5,0.4,3.8135535312515727,37.37373737373738,0.02,0.011720596431661769,0.0,0.016271921428883077,6.0
149,14,9,9438102680544506963,single-peaked,0.5,0.4,3.9027769329751574,42.42424242424242,0.02,0.0005659412747362348,0.0,0.02017755206557479,6.0
150,15,0,10265812934093695302,single-peaked,0.75,0.0,3.568583920357189,47.474747474747474,0.30656297348056993,0.0045876245325552345,0.31545741324921134,0.27221638605007625,6.0
151,15,1,8525745900903305185,single-peaked,0.75,0.0,3.361751150530954,53.535353535353536,0.31832601681027284,0.01705609082353898,0.3184713375796178,0.25888819726092777,6.0
152,15,2,1556946708845454945,single-peaked,0.75,0.0,3.089171100703507,49.494949494949495,0.3223980726777091,0.021291218867055258,0.0,0.27821966585540064,6.0
153,15,3,17843528942269318982,single-peaked,0.75,0.0,3.445231546999906,53.535353535353536,0.27452257890977505,-0.0033691452087031832,0.3067484662576687,0.2538006366694462,6.0
154,15,4,5578882969214212847,single-peaked,0.75,0.0,3.0993267616017754,48.484848484848484,0.301116732416992,-0.003590808743185217,0.3058103975535168,0.2648903974649176,6.0
155,15,5,8461529290910067060,single-peaked,0.75,0.0,3.5681953924997574,51.515151515151516,0.2906378394563489,-0.011138002209396444,0.3076923076923077,0.27738117648964644,6.0
156,15,6,12336506109829332024,single-peaked,0.75,0.0,3.187117447558734,44.44444444444444,0.3354055516455946,-0.004618493195728844,0.0,0.2682440991141313,6.0
157,15,7,17435384921206891862,single-peaked,0.75,0.0,3.723502900923785,48.484848484848484,0.33041131379921684,0.000824308569007,0.0,0.2590967895506726,6.0
158,15,8,8995725550488955079,single-peaked,0.75,0.0,3.220369517520361,46.464646464646464,0.3603934418852449,-0.0029756221697947866,0.0,0.2633342624866129,6.0
159,15,9,15244130252900596588,single-peaked,0.75,0.0,3.5128799781569517,52.525252525252526,0.28880132965550487,-0.009758142830431953,0.33003300330033003,0.26304703842484217,6.0
160,16,0,10833649116748182202,single-peaked,0.75,0.05,3.5493876648512748,56.56565656565657,0.043451353745919394,0.0006100218017918566,0.0,0.04039052375889067,6.0
161,16,1,18350278712101001293,single-peaked,0.75,0.05,5.6270914102616585,20.2020202020202,0.0366788191279186,-0.018139089302558194,0.0,0.04088554088081322,6.0
162,16,2,2815902820274070877,single-peaked,0.75,0.05,3.1072607845634588,43.43434343434343,0.03284953843992684,-0.0009891091935639972,0.0,0.039587700693756084,6.0
163,16,3,14788243810737548189,single-peaked,0.75,0.05,2.7688230552332698,55.55555555555556,0.02596192672902626,0.026956697456468233,0.0,0.057185597996991085,6.0
164,16,4,18327019290912851595,single-peaked,0.75,0.05,3.8534972378200494,37.37373737373738,0.020000000000000004,0.037418828518219795,0.0,0.04517266807072691,6.0
165,16,5,12746358658379308012,single-peaked,0.75,0.05,3.16267330769903,47.474747474747474,0.02,0.009487842419126416,0.0,0.04974645449273326,6.0
166,16,6,5356119625718302624,single-peaked,0.75,0.05,4.506267018115634,34.343434343434346,0.03346007318398056,-0.021045139530541143,0.0,0.04636050590277671,6.0
167,16,7,4789478689223070817,single-peaked,0.75,0.05,3.8627088052014305,46.464646464646464,0.02919503483979516,0.008505066444915775,0.0,0.04784429386653216,6.0
168,16,8,14608790153711413713,single-peaked,0.75,0.05,5.449900274603035,28.282828282828284,0.02763303310765912,-0.003854791856417414,0.0,0.04004577258322837,6.0
169,16,9,16568861318186425213,single-peaked,0.75,0.05,3.1367333813960583,40.4040404040404,0.020000000000000004,0.006876649659586581,0.0,0.036842416117809494,6.0
170,17,0,11999193503010072013,single-peaked,0.75,0.1,3.3142245344211108,53.535353535353536,0.02,0.0034037333912383607,0.0,0.02796131440861938,6.0
171,17,1,18007373648869160511,single-peaked,0.75,0.1,3.3642499763851266,50.505050505050505,0.02,0.006209961327984254,0.0,0.02644020730175666,6.0
172,17,2,15637200481541690739,single-peaked,0.75,0.1,3.843349354559271,45.45454545454545,0.029638733693459172,0.014012161117801118,0.0,0.02508471153448551,6.0
173,17,3,7457250894367404054,single-peaked,0.75,0.1,3.6342996280151603,42.42424242424242,0.022193412930250428,0.0042734605705278044,0.0,0.03337531526893429,6.0
174,17,4,2609988662875397107,single-peaked,0.75,0.1,3.1473773654538957,51.515151515151516,0.02,0.005031042364584927,0.0,0.02577546830708203,6.0
175,17,5,4675287095037917163,single-peaked,0.75,0.1,3.226660082706007,49.494949494949495,0.019999999999999997,0.016521003656888668,0.0,0.025344987609936264,6.0
176,17,6,16338467863375728955,single-peaked,0.75,0.1,2.972371929892018,53.535353535353536,0.02,-0.0051124374526015795,0.0,0.027334248898607475,6.0
177,17,7,18424433471908399325,single-peaked,0.75,0.1,3.5537800041418772,43.43434343434343,0.020000000000000004,0.015320927427445681,0.0,0.0418246594246134,6.0
178,17,8,12726092665156321471,single-peaked,0.75,0.1,3.778170913124565,45.45454545454545,0.02,0.002046131046175936,0.0,0.02839210750456467,6.0
179,17,9,320880643613225031,single-peaked,0.75,0.1,4.1524552621193775,34.343434343434346,0.019999999999999997,0.010901976617301514,0.0,0.027969057923646783,6.0
180,18,0,3961467700981524524,single-peaked,0.75,0.2,5.379144095568597,21.21212121212121,0.025230123142744032,0.0031239090634865665,0.0,0.02278998202498774,6.0
181,18,1,13054492300699094406,single-peaked,0.75,0.2,3.6839148770739096,48.484848484848484,0.020000000000000004,-0.0069632055005953205,0.0,0.01868035288172856,6.0
182,18,2,12962132377780090868,single-peaked,0.75,0.2,4.284094275787009,38.38383838383838,0.020000000000000004,-0.013132153348881225,0.0,0.03225523485700709,6.0
183,18,3,4119239130434480613,single-peaked,0.75,0.2,4.154679744030549,50.505050505050505,0.019999999999999997,-0.0036215748859076847,0.0,0.01888145897611113,6.0
184,18,4,9799053237951840751,single-peaked,0.75,0.2,4.006985249617261,42.42424242424242,0.020000000000000004,0.009530476484756661,0.0,0.018098747104054295,6.0
185,18,5,4064478292240362762,single-peaked,0.75,0.2,3.243095965723372,52.525252525252526,0.020000000000000004,-0.01093326163836634,0.0,0.04279892264240834,6.0
186,18,6,2589092597932919198,single-peaked,0.75,0.2,3.645853611738066,42.42424242424242,0.019999999999999997,0.016256055501404,0.0,0.02112209132322425,6.0
187,18,7,18124481122326577973,single-peaked,0.75,0.2,3.20756066350467,52.525252525252526,0.02,0.0002814211661089551,0.0,0.029102003972557456,6.0
188,18,8,16427410743401462439,single-peaked,0.75,0.2,4.320229705311631,36.36363636363637,0.02,0.005429339830393218,0.0,0.02206732963670308,6.0
189,18,9,13153807427468718367,single-peaked,0.75,0.2,3.7529449762697014,38.38383838383838,0.02,-0.0015529462802236576,0.0,0.023723196325713923,6.0
190,19,0,7890654931283989743,single-peaked,0.75,0.4,3.4935557697806336,48.484848484848484,0.019999999999999997,0.023522233599335984,0.0,0.025116078815301975,6.0
191,19,1,14251145478054980776,single-peaked,0.75,0.4,3.492223975431133,57.57575757575758,0.02,0.01325026456143949,0.0,0.023387207766264663,6.0
192,19,2,15078445743024601264,single-peaked,0.75,0.4,5.326251421919665,27.272727272727273,0.025639917117744264,0.009429727268166477,0.3333333333333333,0.015996372125084198,6.0
193,19,3,4080460241996946378,single-peaked,0.75,0.4,3.8383630307668244,47.474747474747474,0.020000000000000004,0.017981219772175813,0.0,0.013473228021401468,6.0
194,19,4,5895356997578291416,single-peaked,0.75,0.4,3.2594223158474973,60.60606060606061,0.02,0.0038235484922560926,0.0,0.017528714114333335,6.0
195,19,5,10820700277765210585,single-peaked,0.75,0.4,3.370486882279268,46.464646464646464,0.019999999999999997,0.02461464914651977,0.0,0.0357665382133056,6.0
196,19,6,13511073148088528963,single-peaked,0.75,0.4,3.705795877600404,59.5959595959596,0.019999999999999997,-0.010360735607884572,0.0,0.0348095011910812,6.0
197,19,7,4098973250619226074,single-peaked,0.75,0.4,3.788020909312793,40.4040404040404,0.02,-0.007455639795922655,0.0,0.02617684765048981,6.0
198,19,8,12362566493044870102,single-peaked,0.75,0.4,3.408331683833959,57.57575757575758,0.02,-0.008050300209510102,0.0,0.03188263637265976,6.0
199,19,9,7306651230027827371,single-peaked,0.75,0.4,3.5080063098157206,49.494949494949495,0.02,0.0007896075353540517,0.0,0.014091782486161861,6.0
200,20,0,16713224375859191861,single-peaked,1.0,0.0,3.4436854217151693,40.4040404040404,0.2633103286301509,0.024809437783674924,0.0,0.26232372943532795,6.0
201,20,1,12228640381164683067,single-peaked,1.0,0.0,3.5226741799619457,45.45454545454545,0.29589008910112585,-5.358258959331419e-05,0.3225806451612903,0.2621623729680009,6.0
202,20,2,9479627760718150181,single-peaked,1.0,0.0,3.819976867198699,35.35353535353536,0.27399455665609607,0.008940788134569383,0.3184713375796178,0.2624559993782949,6.0
203,20,3,8990935295150696013,single-peaked,1.0,0.0,3.6827715325774717,40.4040404040404,0.3146678962674938,0.011982075978490691,0.2932551319648094,0.2643266672398594,6.0
204,20,4,14963154838447606838,single-peaked,1.0,0.0,3.966415286870589,43.43434343434343,0.3850218455032229,0.008952730807105,0.0,0.26251281823798833,6.0
205,20,5,7791465489057480478,single-peaked,1.0,0.0,3.37161167351212,43.43434343434343,0.3410599723222608,-0.004198204356027493,0.3184713375796178,0.2602885737026361,6.0
206,20,6,7013895560563831150,single-peaked,1.0,0.0,3.9799974000803138,32.323232323232325,0.30145901410054987,4.6804276164987615e-05,0.31446540880503143,0.26424794886092107,6.0
207,20,7,8656952584120802071,single-peaked,1.0,0.0,3.475523044958793,55.55555555555556,0.2653641130478531,-0.022137556629064855,0.31347962382445144,0.2633830981158836,6.0
208,20,8,5268189961154966023,single-peaked,1.0,0.0,4.467540566599578,31.31313131313131,0.3251752249466192,0.0032215165573272636,0.3125,0.26666260385810586,6.0
209,20,9,15447841340906690629,single-peaked,1.0,0.0,3.149648980116433,55.55555555555556,0.31467776512961276,0.0031212512213947886,0.0,0.2620888426714145,6.0
210,21,0,7704961217770815229,single-peaked,1.0,0.05,3.424792746429604,52.525252525252526,0.03109310664461229,0.0041953306077271635,0.0,0.04064474362019175,6.0
211,21,1,6027293135228426065,single-peaked,1.0,0.05,3.398560370884502,58.58585858585859,0.05316227650317552,0.004843095819893711,0.0,0.037261485347473394,6.0
212,21,2,586974674814894438,single-peaked,1.0,0.05,3.3655884394246147,49.494949494949495,0.0281822819394054,-0.01208075420500173,0.0,0.04547640318737011,6.0
213,21,3,6145598946560517768,single-peaked,1.0,0.05,3.368682132983451,36.36363636363637,0.02262188499621872,-0.010690143384311715,0.0,0.04668613054381462,6.0
214,21,4,4064808930522626602,single-peaked,1.0,0.05,3.224406734431527,57.57575757575758,0.024499967437765835,-0.00366311856512691,0.0,0.04146174127856658,6.0
215,21,5,18201750007790762835,single-peaked,1.0,0.05,3.129408417366737,48.484848484848484,0.027205071113395304,0.000739009897051592,0.0,0.0517930306528148,6.0
216,21,6,10549180334501406130,single-peaked,1.0,0.05,3.6029880673606396,47.474747474747474,0.039966675230508626,-0.01365761252321267,0.0,0.04270446695830078,6.0
217,21,7,8950476762345380029,single-peaked,1.0,0.05,3.5925175944919534,36.36363636363637,0.02,0.0019289509928325042,0.0,0.04860641508424842,6.0
218,21,8,12486071141289714265,single-peaked,1.0,0.05,2.8335198938677557,48.484848484848484,0.02,0.0023007020941030218,0.0,0.042252556956741766,6.0
219,21,9,1882341127464906389,single-peaked,1.0,0.05,3.102939703110587,56.56565656565657,0.021984969635431964,0.00704311883240409,0.0,0.04095674093628039,6.0
220,22,0,10151586995978219859,single-peaked,1.0,0.1,3.246878243380047,47.474747474747474,0.020000000000000004,0.013036795156275491,0.0,0.034160892115517684,6.0
221,22,1,5149192518231047940,single-peaked,1.0,0.1,3.4136048674446657,41.41414141414141,0.02009379237851859,0.014375763061206345,0.0,0.03126637475829188,6.0
222,22,2,1448937769696358821,single-peaked,1.0,0.1,3.7843871891492635,36.36363636363637,0.026397541267824086,-0.0024868378708948354,0.0,0.028353464434208674,6.0
223,22,3,18289067605533788461,single-peaked,1.0,0.1,2.990926959503583,49.494949494949495,0.02,0.011412290279024857,0.0,0.026645437118245848,6.0
224,22,4,17101494814415976269,single-peaked,1.0,0.1,3.2127156694593797,53.535353535353536,0.02,-0.0014345260001014182,0.0,0.029602854540448125,6.0
225,22,5,433456016980143711,single-peaked,1.0,0.1,3.129106962364818,45.45454545454545,0.02,-0.0033601873625416544,0.0,0.03347901239251489,6.0
226,22,6,1999451989774454777,single-peaked,1.0,0.1,3.6239072174068996,52.525252525252526,0.019999999999999997,-0.013125310461239555,0.0,0.04332555956354805,6.0
227,22,7,15296103595884838094,single-peaked,1.0,0.1,3.9646234737581185,46.464646464646464,0.02,-0.0014201314811603074,0.0,0.037328557598927156,6.0
228,22,8,6322796723872885263,single-peaked,1.0,0.1,3.921329147583281,42.42424242424242,0.019999999999999997,0.019678915426029335,0.0,0.025832850400107955,6.0
229,22,9,16421928608263193885,single-peaked,1.0,0.1,3.2743692195706866,50.505050505050505,0.02,-0.00690043603924139,0.0,0.025246190613280418,6.0
230,23,0,4099599621932241185,single-peaked,1.0,0.2,3.3335921055558493,47.474747474747474,0.020000000000000004,-0.026632652037728768,0.0,0.03449759708385964,6.0
231,23,1,6322384899572114064,single-peaked,1.0,0.2,3.12359338251104,43.43434343434343,0.019999999999999997,-0.012187126147983524,0.0,0.018544204929728123,6.0
232,23,2,5992191254852994886,single-peaked,1.0,0.2,3.1759833244813684,46.464646464646464,0.020000000000000004,-0.01176736269380989,0.0,0.020113537867802105,6.0
233,23,3,6250414911134730817,single-peaked,1.0,0.2,3.5695618446990403,42.42424242424242,0.02,0.004763216125498198,0.0,0.023453584314952005,6.0
234,23,4,6368264913238019383,single-peaked,1.0,0.2,3.5756346852653214,50.505050505050505,0.02,-0.006566997261131549,0.0,0.025807138441293603,6.0
235,23,5,16422213966819375567,single-peaked,1.0,0.2,3.3440010109089626,51.515151515151516,0.025479343358978297,0.0057639912447230756,0.0,0.018689956524072168,6.0
236,23,6,14708302362560143383,single-peaked,1.0,0.2,3.9453486374452877,48.484848484848484,0.02,0.007190752290979688,0.0,0.04545580823937209,6.0
237,23,7,62510125548412093,single-peaked,1.0,0.2,2.9403801747578795,50.505050505050505,0.020038641210047302,-0.00971507268514295,0.0,0.01890311943498504,6.0
238,23,8,3618175687022158880,single-peaked,1.0,0.2,3.449490827107025,47.474747474747474,0.020000000000000004,-0.017905941095139113,0.0,0.029413224361912224,6.0
239,23,9,2682795096383872191,single-peaked,1.0,0.2,3.5803835419466417,51.515151515151516,0.02088441777893165,0.015184575592181532,0.0,0.01811901061432288,6.0
240,24,0,17261889771903573220,single-peaked,1.0,0.4,3.6272094516817224,51.515151515151516,0.02,-0.0010799524707659621,0.0,0.018188521828824977,6.0
241,24,1,9391547915492046762,single-peaked,1.0,0.4,3.8206844772257704,40.4040404040404,0.02,-0.0002272881404488335,0.0,0.03131861454900713,6.0
242,24,2,13432357101070062651,single-peaked,1.0,0.4,4.015821517167851,41.41414141414141,0.02,-0.0019010334907582755,0.0,0.012730359681625527,6.0
243,24,3,18335042786980507513,single-peaked,1.0,0.4,3.9631833784491515,43.43434343434343,0.020321194777663032,0.003178362499654271,0.32362459546925565,0.014315310676354739,6.0
244,24,4,2842211223365001228,single-peaked,1.0,0.4,3.2559714456494286,42.42424242424242,0.02,-0.006313058841909406,0.3194888178913738,0.020553309628079823,6.0
245,24,5,1134948021802077351,single-peaked,1.0,0.4,3.466717828620885,46.464646464646464,0.02039147912318124,-0.012349201520402607,0.0,0.015087413641550737,6.0
246,24,6,7047328477587127546,single-peaked,1.0,0.4,4.383694660484714,44.44444444444444,0.02,-0.0046035230904876824,0.0,0.02551863656643711,6.0
247,24,7,14647965860904102601,single-peaked,1.0,0.4,3.4300261995532626,52.525252525252526,0.02,0.0012442959097606063,0.0,0.022181825013096016,6.0
248,24,8,4570599612927585836,single-peaked,1.0,0.4,3.6946465301918296,52.525252525252526,0.02,0.003945141873138561,0.0,0.019634631103801894,6.0
249,24,9,17067993564983332639,single-peaked,1.0,0.4,3.367675865924665,59.5959595959596,0.019999999999999997,-0.0028399900228685154,0.0,0.03541992924406283,6.0
250,25,0,17490781052688046958,two-camp,0.0,0.0,2.8050923030806643,40.4040404040404,0.24855179006564287,0.006035021841487937,0.3115264797507788,0.4194508383862859,6.0
251,25,1,11500542298019173312,two-camp,0.0,0.0,2.8559924444446345,38.38383838383838,0.32652608072010547,0.0051826712260485954,0.0,0.44264041568092355,6.0
252,25,2,15360332519805395220,two-camp,0.0,0.0,3.4745530967749936,52.525252525252526,0.3834135196729276,-0.004579638939538601,0.0,0.4266554029904171,6.0
253,25,3,1349166021639798934,two-camp,0.0,0.0,2.790418931440446,57.57575757575758,0.3799495569300615,0.013173657995462624,0.31446540880503143,0.4389482559363457,6.0
254,25,4,13658579950137681990,two-camp,0.0,0.0,3.481325806297849,38.38383838383838,0.1687178105204012,-0.0360930423492299,0.0,0.4416803120225994,6.0
255,25,5,12195864185995367921,two-camp,0.0,0.0,3.1158149351945963,47.474747474747474,0.14106110522583998,-0.00023425269624086908,0.0,0.45175891497885085,6.0
256,25,6,16281227755378153372,two-camp,0.0,0.0,3.3974236172384518,38.38383838383838,0.46795403504849564,-0.019249754225460637,0.3115264797507788,0.4284201120358087,6.0
257,25,7,1645069195057001855,two-camp,0.0,0.0,3.4570544419610836,36.36363636363637,0.4249471950539975,-0.02581697319282155,0.9584664536741214,0.43878392134097916,6.0
258,25,8,17200749629658070945,two-camp,0.0,0.0,2.7350485665010753,55.55555555555556,0.3611847439648975,0.022433414668268085,0.0,0.4229894434832527,6.0
259,25,9,1517634160846838920,two-camp,0.0,0.0,3.1653328512218115,46.464646464646464,0.36037417074662526,-0.018958875733363644,0.3067484662576687,0.4375829286369661,6.0
260,26,0,1923307700169529200,two-camp,0.0,0.05,3.5695330712453597,42.42424242424242,0.02,-0.008950842296940955,0.0,0.052922937496001174,6.0
261,26,1,8920342256577389174,two-camp,0.0,0.05,4.304783080462767,31.31313131313131,0.028630850590435318,-0.01844971136561047,0.0,0.05143731559957719,6.0
262,26,2,1222760883718406544,two-camp,0.0,0.05,3.552471104557319,46.464646464646464,0.020000000000000004,0.030564111276406437,0.0,0.04707103663175479,6.0
263,26,3,5765461615492143796,two-camp,0.0,0.05,3.0875286847966312,53.535353535353536,0.0210509922713032,0.01827813440482735,0.0,0.05152622068751388,6.0
264,26,4,7064345559668896597,two-camp,0.0,0.05,3.8306266852907913,35.35353535353536,0.020000000000000004,-0.014270360860122708,0.0,0.0478131426961855,6.0
265,26,5,13308312510345652966,two-camp,0.0,0.05,3.4284941948729313,33.333333333333336,0.020000000000000004,-0.03003044938751667,0.0,0.04484615669090762,6.0
266,26,6,14945040452598101232,two-camp,0.0,0.05,3.6060966695710657,42.42424242424242,0.019999999999999997,0.019675914477064342,0.0,0.0423157765074705,6.0
267,26,7,7221429076885578322,two-camp,0.0,0.05,2.962569417117856,59.5959595959596,0.04120374156170207,-0.0178092578105755,0.0,0.05370645181192654,6.0
268,26,8,6929090279378353866,two-camp,0.0,0.05,2.887715352161069,47.474747474747474,0.020657850008395682,-0.03306027933456679,0.0,0.05135844270042561,6.0
269,26,9,4892854448501920970,two-camp,0.0,0.05,3.338229498188268,49.494949494949495,0.02,-0.004294158398007292,0.0,0.04744353409588231,6.0
270,27,0,17393988579610143212,two-camp,0.0,0.1,3.342033600882968,51.515151515151516,0.022722756059917457,-0.0027234671874251065,0.0,0.025728564166814797,6.0
271,27,1,2729375928774884447,two-camp,0.0,0.1,2.8534647515913645,46.464646464646464,0.020000000000000004,0.026608331300220243,0.0,0.033287965816312735,6.0
272,27,2,7052066749788023760,two-camp,0.0,0.1,4.016178863671172,34.343434343434346,0.020000000000000004,-0.016517120300625684,0.0,0.027590904548791248,6.0
273,27,3,11343026860006071665,two-camp,0.0,0.1,3.3312730205895984,54.54545454545455,0.019999999999999997,0.02806521518325161,0.0,0.025271462112646227,6.0
274,27,4,15136154903811380066,two-camp,0.0,0.1,3.16381278599645,53.535353535353536,0.02,0.0011868053707162053,0.0,0.04444360522706484,6.0
275,27,5,357252999695332662,two-camp,0.0,0.1,3.475788978740503,54.54545454545455,0.02,0.004737927597588998,0.0,0.0300973858152622,6.0
276,27,6,17397035426103617664,two-camp,0.0,0.1,3.10924671994877,56.56565656565657,0.020000000000000004,0.027838513772213906,0.0,0.05527008456733861,6.0
277,27,7,4403501334460839000,two-camp,0.0,0.1,3.238731469252968,45.45454545454545,0.019999999999999997,-0.012559001991097296,0.0,0.027760718633318044,6.0
278,27,8,11272097427724231319,two-camp,0.0,0.1,3.7615703299631407,40.4040404040404,0.019999999999999997,0.01648228418873839,0.0,0.02974699226203392,6.0
279,27,9,12890840274752426172,two-camp,0.0,0.1,3.5108349605403157,49.494949494949495,0.020000000000000004,-0.006726148645281493,0.0,0.026115287459614094,6.0
280,28,0,14597402484634029614,two-camp,0.0,0.2,3.0160722158281303,56.56565656565657,0.019999999999999997,0.02183380195789542,0.0,0.01760311582879309,6.0
281,28,1,17318953795178672528,two-camp,0.0,0.2,3.1824990165000524,46.464646464646464,0.028003204160702205,0.017648901846350762,0.0,0.027358237085662058,6.0
282,28,2,6098407048886820953,two-camp,0.0,0.2,3.7378013350543187,59.5959595959596,0.020000000000000004,0.012623355655005558,0.0,0.030161905392927405,6.0
283,28,3,2448522773236726852,two-camp,0.0,0.2,3.4699033571392,36.36363636363637,0.020236929890209684,0.06499042745559634,0.0,0.029848899171678822,6.0
284,28,4,16334637911876655517,two-camp,0.0,0.2,3.2966228134407127,56.56565656565657,0.020000000000000004,-0.025299946285103233,0.0,0.018294967243965125,6.0
285,28,5,13147736428265407845,two-camp,0.0,0.2,2.9190572588884036,54.54545454545455,0.020000000000000004,-0.0246863343179956,0.0,0.035887697730523686,6.0
286,28,6,6643563450493996406,two-camp,0.0,0.2,3.3141667631521874,56.56565656565657,0.019999999999999997,-0.020084740570957462,0.0,0.030795014775075985,6.0
287,28,7,813026177362699836,two-camp,0.0,0.2,2.7417185793167733,51.515151515151516,0.02,-0.006744894265632056,0.0,0.019387958234007668,6.0
288,28,8,2725130671254065012,two-camp,0.0,0.2,3.3388077147359145,61.61616161616162,0.019999999999999997,-0.008468823186659546,0.0,0.0244042492459157,6.0
289,28,9,1107125633651996814,two-camp,0.0,0.2,3.0051243895354025,54.54545454545455,0.02,-0.0005335772723519838,0.0,0.031301297562375006,6.0
290,29,0,5826320505652949628,two-camp,0.0,0.4,5.177617468624323,24.242424242424242,0.020000000000000004,0.03242233529295559,0.0,0.016368778585131628,6.0
291,29,1,8005918551152564423,two-camp,0.0,0.4,3.214068585808671,46.464646464646464,0.02,-0.011489691149970897,0.0,0.03030574676462525,6.0
292,29,2,3933567395450812405,two-camp,0.0,0.4,2.8425893227280374,58.58585858585859,0.020000000000000004,-0.02089088938533118,0.0,0.014001748317287852,6.0
293,29,3,3174423504164847707,two-camp,0.0,0.4,3.402512519047184,50.505050505050505,0.019999999999999997,0.011793317954733451,0.0,0.018466484959946138,6.0
294,29,4,7048707907312111480,two-camp,0.0,0.4,3.3145513393228123,54.54545454545455,0.019999999999999997,0.00561973310829206,0.0,0.0135494586588192,6.0
295,29,5,17623692470288099978,two-camp,0.0,0.4,3.2959720330954605,58.58585858585859,0.02,0.0057830416783674005,0.0,0.013334669598885967,6.0
296,29,6,17051739128901612159,two-camp,0.0,0.4,3.7775932328476527,41.41414141414141,0.020000000000000004,0.041740423788224734,0.0,0.014377364502259174,6.0
297,29,7,3090084271275008469,two-camp,0.0,0.4,3.1774773733265933,48.484848484848484,0.019999999999999997,-0.02918047620104314,0.0,0.013581605992809147,6.0
298,29,8,8298149087073278767,two-camp,0.0,0.4,3.505658353400325,43.43434343434343,0.020000000000000004,0.022847297648478794,0.0,0.013887561326208522,6.0
299,29,9,15601379992583277611,two-camp,0.0,0.4,3.8707677086395282,45.45454545454545,0.020000000000000004,0.025848142837314826,0.0,0.020110574514362337,6.0
300,30,0,10138483232342475712,two-camp,0.25,0.0,3.4319745946168596,52.525252525252526,0.4057042547849371,0.019345871944285664,0.0,0.43886266571361726,6.0
301,30,1,7912312364832424087,two-camp,0.25,0.0,3.1945428088805228,55.55555555555556,0.37697250449649644,0.017734306396333433,0.0,0.4376418831914604,6.0
302,30,2,2375003671975795524,two-camp,0.25,0.0,3.0015317707529983,40.4040404040404,0.356950570775828,0.018661263828965463,0.6349206349206349,0.4383729774695946,6.0
303,30,3,13718571839798394023,two-camp,0.25,0.0,3.5304411998325325,56.56565656565657,0.24370014674012086,-0.0027356228554958405,0.0,0.41551586288606585,6.0
304,30,4,4007833869870875678,two-camp,0.25,0.0,2.9460069054213727,42.42424242424242,0.3766603222877788,0.011779303564553104,0.0,0.4168599268661489,6.0
305,30,5,7277502717704331352,two-camp,0.25,0.0,3.090012782721235,51.515151515151516,0.38543461022054853,0.026852096092837664,0.31746031746031744,0.41709167219801463,6.0
306,30,6,3558963671342406973,two-camp,0.25,0.0,3.026924789254507,56.56565656565657,0.34818839166861837,0.0318981273676724,0.31446540880503143,0.4481597729873434,6.0
307,30,7,2509249201196471029,two-camp,0.25,0.0,3.53175623298278,34.343434343434346,0.3593131268878613,-0.0030636397933911093,0.0,0.44078654793520083,6.0
308,30,8,8590239399478219678,two-camp,0.25,0.0,2.8678244739410172,55.55555555555556,0.3068099810123458,0.007708347791407881,0.2898550724637681,0.4316032001515027,6.0
309,30,9,8573124783218841384,two-camp,0.25,0.0,2.8785491627961677,46.464646464646464,0.25517725821262127,-9.758755999536461e-05,0.0,0.4240126467163811,6.0
310,31,0,5422312350703644703,two-camp,0.25,0.05,3.098387798003792,56.56565656565657,0.020000000000000004,-0.007979278124049721,0.0,0.05108018608781815,6.0
311,31,1,17135629233051488514,two-camp,0.25,0.05,3.3399230265343083,50.505050505050505,0.019999999999999997,0.0202839555659776,0.0,0.04833990175752675,6.0
312,31,2,17035964825793630412,two-camp,0.25,0.05,2.98591343818768,47.474747474747474,0.019999999999999997,0.006097240502474456,0.0,0.055013846932668795,6.0
313,31,3,16867484071554406627,two-camp,0.25,0.05,3.7754420282336314,41.41414141414141,0.02,-0.00414730637874845,0.0,0.047400154892794616,6.0
314,31,4,8875420705263668750,two-camp,0.25,0.05,2.853241971150869,55.55555555555556,0.03087731658048387,-0.009774982827245924,0.0,0.04685827663285096,6.0
315,31,5,4547328565737660597,two-camp,0.25,0.05,5.851848978101864,16.161616161616163,0.07406595750977647,0.02139962033680889,0.0,0.05314517408589139,6.0
316,31,6,13391488386608558199,two-camp,0.25,0.05,3.1544629035996565,56.56565656565657,0.021510132097147805,-0.04041515754901193,0.0,0.06268500581000766,6.0
317,31,7,5094051397122781941,two-camp,0.25,0.05,3.6821228166583615,42.42424242424242,0.019999999999999997,0.008353385488580226,0.0,0.051145225432473226,6.0
318,31,8,16754326281616009479,two-camp,0.25,0.05,2.8494959648878666,45.45454545454545,0.02263285271477339,0.0017556249845729565,0.0,0.04781263219878313,6.0
319,31,9,5475918756249553785,two-camp,0.25,0.05,3.438120088258182,49.494949494949495,0.019999999999999997,-0.017113566722029426,0.0,0.05111327996959888,6.0
320,32,0,4341207592579319257,two-camp,0.25,0.1,3.890887063326354,41.41414141414141,0.019999999999999997,0.001711759035472115,0.0,0.02584609857413868,6.0
321,32,1,3225534218025465857,two-camp,0.25,0.1,3.6330788468008457,42.42424242424242,0.02,-0.005134435223833236,0.0,0.03190138469841314,6.0
322,32,2,5118761764144524014,two-camp,0.25,0.1,3.1234798315708923,48.484848484848484,0.019999999999999997,-0.018544370937769877,0.0,0.026717526909201015,6.0
323,32,3,16325409974928770064,two-camp,0.25,0.1,3.209756381787452,46.464646464646464,0.020000000000000004,-0.03527578490762115,0.0,0.029642759338532512,6.0
324,32,4,8328688657058344057,two-camp,0.25,0.1,3.1761990417670445,47.474747474747474,0.02,-0.006685477463476857,0.0,0.026598771047609476,6.0
325,32,5,3676559195930616133,two-camp,0.25,0.1,3.5091958854051466,52.525252525252526,0.020000000000000004,-0.018137154834643537,0.0,0.026667828793328633,6.0
326,32,6,11734198093947717458,two-camp,0.25,0.1,3.0379475246257837,51.515151515151516,0.020000000000000004,-0.018194711262209416,0.0,0.026480267338925806,6.0
327,32,7,2602615923874455029,two-camp,0.25,0.1,3.117863098092115,46.464646464646464,0.02,0.007940770965480426,0.0,0.03308918988814943,6.0
328,32,8,4653437286532761609,two-camp,0.25,0.1,3.387176892004547,53.535353535353536,0.02,-0.0010287381335293154,0.0,0.03140445502001148,6.0
329,32,9,6239220434514586904,two-camp,0.25,0.1,2.9146489316768367,49.494949494949495,0.02,0.005424666195870121,0.0,0.028012804517746546,6.0
330,33,0,3803631910535693116,two-camp,0.25,0.2,3.0504633613734784,52.525252525252526,0.020000000000000004,0.010637513614423805,0.0,0.01851197932262642,6.0
331,33,1,13744250912552095387,two-camp,0.25,0.2,3.1766994199255003,52.525252525252526,0.019999999999999997,0.02076002063450085,0.0,0.03283035802974561,6.0
332,33,2,7969796687652520732,two-camp,0.25,0.2,3.3105677189110607,55.55555555555556,0.019999999999999997,-0.013568754177568351,0.0,0.037710039502188326,6.0
333,33,3,3132003526700901429,two-camp,0.25,0.2,3.4589918818263485,49.494949494949495,0.02,-0.0012621681899734835,0.0,0.023004195935370206,6.0
334,33,4,11685666534189514597,two-camp,0.25,0.2,3.8014991688737854,22.22222222222222,0.021741353266849988,0.03321229982771772,0.0,0.04470995665664243,6.0
335,33,5,3356212726536518932,two-camp,0.25,0.2,3.236437667784186,54.54545454545455,0.023190310113158308,0.0050100135416931745,0.0,0.017737374447540363,6.0
336,33,6,1245386052100400544,two-camp,0.25,0.2,3.5717215407817053,46.464646464646464,0.020000000000000004,0.03933986714988484,0.0,0.04115102962468776,6.0
337,33,7,10271380119832603501,two-camp,0.25,0.2,3.6485310839127463,51.515151515151516,0.020000000000000004,-0.009189620897441722,0.0,0.020750744446249393,6.0
338,33,8,14541744016873270794,two-camp,0.25,0.2,3.115043991167284,49.494949494949495,0.02,-0.006500816119362818,0.0,0.018264881583487314,6.0
339,33,9,546013894263326641,two-camp,0.25,0.2,4.126189197989058,32.323232323232325,0.02183368868242966,0.018167273117363075,0.0,0.03392410828225004,6.0
340,34,0,8507104065943198650,two-camp,0.25,0.4,3.5335307190583483,48.484848484848484,0.019999999999999997,-0.009526393958749647,0.0,0.01420570977117531,6.0
341,34,1,5833758987226055176,two-camp,0.25,0.4,3.1222084987874212,49.494949494949495,0.020000000000000004,0.030967253736520883,0.0,0.015177245861548056,6.0
342,34,2,8017041057649555354,two-camp,0.25,0.4,3.5316735113527513,45.45454545454545,0.020000000000000004,0.02891322875953386,0.0,0.03486882631179757,6.0
343,34,3,7563575953587359557,two-camp,0.25,0.4,3.3826457100220426,48.484848484848484,0.019999999999999997,0.01531105407811951,0.3115264797507788,0.025676914940080946,6.0
344,34,4,13959182899328155999,two-camp,0.25,0.4,4.092376933205034,30.303030303030305,0.020000000000000004,-0.015291851715416622,0.0,0.018105297644859446,6.0
345,34,5,9915592798217588721,two-camp,0.25,0.4,3.3684369884239143,50.505050505050505,0.020000000000000004,0.032243582727793915,0.0,0.026334582037353196,6.0
346,34,6,10605814840522551264,two-camp,0.25,0.4,2.763182082692842,46.464646464646464,0.02,0.0009370306498396889,0.0,0.014525650117590458,6.0
347,34,7,16481420580755037400,two-camp,0.25,0.4,3.1425631957088784,47.474747474747474,0.020000000000000004,0.016353937234262112,0.0,0.013888417864446055,6.0
348,34,8,10822772643812897198,two-camp,0.25,0.4,3.9544879904135057,42.42424242424242,0.020000000000000004,-0.03836737076736678,0.0,0.039185209382907774,6.0
349,34,9,16118113712172392945,two-camp,0.25,0.4,3.1678914097689335,47.474747474747474,0.019999999999999997,-0.017251410536583776,0.0,0.013648006015016414,6.0
350,35,0,13669338207172767300,two-camp,0.5,0.0,4.198912458711341,23.232323232323232,0.3648583431368347,0.0003902018394227582,0.0,0.45229128502821353,6.0
351,35,1,1066005491587342767,two-camp,0.5,0.0,2.8422547785313927,45.45454545454545,0.4276892576819442,-0.0269303109644435,0.0,0.42594687583091856,6.0
352,35,2,4403906469213515072,two-camp,0.5,0.0,2.8219952121586447,55.55555555555556,0.33443391630381425,0.010296420610800664,0.0,0.4188913688251991,6.0
353,35,3,8671864409183207699,two-camp,0.5,0.0,2.999191736494091,43.43434343434343,0.26672169186812544,-0.010873610911497302,0.2994011976047904,0.41687984725816335,6.0
354,35,4,6292337695836070661,two-camp,0.5,0.0,3.077226620084972,53.535353535353536,0.39359065970788815,0.00373769891171224,0.0,0.4429940546674409,6.0
355,35,5,12704217814194218223,two-camp,0.5,0.0,2.982167743584307,53.535353535353536,0.33753547272181955,-0.031766950290717515,0.32362459546925565,0.4448108846594441,6.0
356,35,6,15494401404866272587,two-camp,0.5,0.0,3.092736783321676,43.43434343434343,0.3983527581862328,-0.00949121326481177,0.30959752321981426,0.4463961729156285,6.0
357,35,7,5845173021728569273,two-camp,0.5,0.0,3.023374019371679,49.494949494949495,0.3558228227938217,-0.010634961763801137,0.0,0.425356068916288,6.0
358,35,8,8405196076485419378,two-camp,0.5,0.0,3.468546808470421,44.44444444444444,0.36113667726290094,0.03402811891056372,0.0,0.4577917380648317,6.0
359,35,9,9651675180135486050,two-camp,0.5,0.0,3.3647155018847044,50.505050505050505,0.34783630056309034,-0.0029911238875131438,0.31645569620253167,0.4264669936570491,6.0
360,36,0,17582771023374482018,two-camp,0.5,0.05,3.220856587868905,45.45454545454545,0.02,0.006748907060935892,0.0,0.04461399051067211,6.0
361,36,1,13944573939693464642,two-camp,0.5,0.05,3.0029228077407195,57.57575757575758,0.024260252624126365,0.019353984503658953,0.0,0.05245461624096352,6.0
362,36,2,3505423442954813667,two-camp,0.5,0.05,2.8764723286116953,53.535353535353536,0.020000000000000004,-0.031247144739346026,0.0,0.07671587493911021,6.0
363,36,3,15909706144998098059,two-camp,0.5,0.05,3.0355955199900198,49.494949494949495,0.02,-0.001034975501795533,0.0,0.06061245600204943,6.0
364,36,4,15207924852432444449,two-camp,0.5,0.05,3.192880735648032,47.474747474747474,0.022861111696857714,0.013128898451209207,0.0,0.058459154895207,6.0
365,36,5,11477067917079833352,two-camp,0.5,0.05,3.1021195689864713,46.464646464646464,0.026614976759285466,0.0059753176611423466,0.0,0.05711734382016648,6.0
366,36,6,4942995236734422050,two-camp,0.5,0.05,2.8899008765662852,51.515151515151516,0.02211239524117863,0.010882495182852303,0.0,0.048678316955827035,6.0
367,36,7,5214705901438917968,two-camp,0.5,0.05,3.2777636443517597,49.494949494949495,0.03702589749420469,0.0022363368432062247,0.0,0.06812788523997962,6.0
368,36,8,17643931040862891252,two-camp,0.5,0.05,3.3905489753942053,49.494949494949495,0.03078980608246783,0.0377760745770686,0.0,0.05820268553421608,6.0
369,36,9,16789723671459196752,two-camp,0.5,0.05,3.173464998148719,48.484848484848484,0.02612505822904849,-0.01036356594894507,0.0,0.0529488906108592,6.0
370,37,0,5675799987941764943,two-camp,0.5,0.1,3.8540811043186682,37.37373737373738,0.020000000000000004,0.035305107297377486,0.0,0.028531001982716915,6.0
371,37,1,9348102847531358027,two-camp,0.5,0.1,3.0600687134367206,47.474747474747474,0.020000000000000004,-0.0045724768870223295,0.0,0.03460405880990282,6.0
372,37,2,2043855238894689717,two-camp,0.5,0.1,3.537381381236831,40.4040404040404,0.02350466834330361,-0.010515824146225407,0.0,0.02663514180662918,6.0
373,37,3,9732666477890844508,two-camp,0.5,0.1,3.3337805605717468,47.474747474747474,0.02,-0.009499527053458714,0.0,0.02823462599580882,6.0
374,37,4,16639589807722881130,two-camp,0.5,0.1,3.3830828139708,45.45454545454545,0.020000000000000004,-0.03011775667883829,0.0,0.038411762897383996,6.0
375,37,5,14912919248628725646,two-camp,0.5,0.1,3.037888784639873,52.525252525252526,0.020000000000000004,-0.017420968922720933,0.0,0.024628662901409592,6.0
376,37,6,6262055741668818520,two-camp,0.5,0.1,3.502391308940787,38.38383838383838,0.020000000000000004,0.021207049637239947,0.0,0.05493823090611141,6.0
377,37,7,10174749988948822620,two-camp,0.5,0.1,2.8779511320126647,44.44444444444444,0.019999999999999997,0.017094801225204494,0.0,0.02711142202191866,6.0
378,37,8,8811153629042078751,two-camp,0.5,0.1,2.8363310195630866,49.494949494949495,0.02773719993132405,-0.006286875043569465,0.0,0.028774595880984875,6.0
379,37,9,10603855955012959769,two-camp,0.5,0.1,3.105534116287381,47.474747474747474,0.019999999999999997,-0.016985503500111635,0.0,0.028379785842657997,6.0
380,38,0,10020724642815515797,two-camp,0.5,0.2,2.927211355617299,43.43434343434343,0.020000000000000004,-0.01872821392906444,0.0,0.040143921913035285,6.0
381,38,1,4610972438908137668,two-camp,0.5,0.2,3.1718851690642538,46.464646464646464,0.022959354292652515,0.007714814423027127,0.0,0.02001968273670162,6.0
382,38,2,14502657465126051537,two-camp,0.5,0.2,3.0965502046643034,38.38383838383838,0.020000000000000004,0.041770390088996634,0.0,0.04423612091521362,6.0
383,38,3,4008908515354985656,two-camp,0.5,0.2,3.6138120341117212,32.323232323232325,0.020000000000000004,0.02736111659796382,0.0,0.03365719830347438,6.0
384,38,4,13319573558672355501,two-camp,0.5,0.2,3.4165374456604036,55.55555555555556,0.021737894478691507,-0.01486343536508263,0.0,0.0398824165547475,6.0
385,38,5,2875145228761404021,two-camp,0.5,0.2,3.7170352468447994,46.464646464646464,0.020000000000000004,0.034614186747611825,0.0,0.018883584232795018,6.0
386,38,6,4425609442392232328,two-camp,0.5,0.2,2.8795206829552886,57.57575757575758,0.0214512271422325,0.020680467313168405,0.0,0.030717938200322235,6.0
387,38,7,13490820727042512227,two-camp,0.5,0.2,3.28607844564549,55.55555555555556,0.020000000000000004,0.03421177796482496,0.0,0.04850908113500932,6.0
388,38,8,10474844058354893660,two-camp,0.5,0.2,3.3791809082775304,52.525252525252526,0.02,0.008377722560438823,0.0,0.04394902210650832,6.0
389,38,9,10387156156754241148,two-camp,0.5,0.2,2.9617242605588343,56.56565656565657,0.02,-0.004715697904658542,0.0,0.04042550404677388,6.0
390,39,0,2340481026143979293,two-camp,0.5,0.4,4.439215732047174,37.37373737373738,0.020000000000000004,-0.04373494474875411,0.0,0.01488892825986132,6.0
391,39,1,9181335713443548731,two-camp,0.5,0.4,2.811347490853129,57.57575757575758,0.019999999999999997,-0.006802674557948265,0.0,0.013601754951113808,6.0
392,39,2,14324522057623123633,two-camp,0.5,0.4,3.374482292328598,51.515151515151516,0.02,-0.010814479690957291,0.0,0.05461980092263307,6.0
393,39,3,7051968406865569920,two-camp,0.5,0.4,3.2474506088091912,47.474747474747474,0.020000000000000004,0.004756770800575066,0.0,0.033668838722203054,6.0
394,39,4,451181198172611393,two-camp,0.5,0.4,3.347350894256748,44.44444444444444,0.02302966321784313,0.00723015018332642,0.0,0.040453457776789624,6.0
395,39,5,10699607344833450951,two-camp,0.5,0.4,3.1454642055540587,38.38383838383838,0.02,0.0004276720415523043,0.0,0.01375353800744031,6.0
396,39,6,11563267909820348275,two-camp,0.5,0.4,3.671988991545986,55.55555555555556,0.02,-0.005042741480728216,0.0,0.03540120434340561,6.0
397,39,7,4971320741814282928,two-camp,0.5,0.4,3.4886789842692547,43.43434343434343,0.020000000000000004,-0.04263687513980216,0.0,0.030800027360838457,6.0
398,39,8,6782877300880266130,two-camp,0.5,0.4,3.226920209516538,47.474747474747474,0.02097012511991624,-0.008937760447560877,0.0,0.023248977048418627,6.0
399,39,9,4255426991569421605,two-camp,0.5,0.4,3.6515215384783026,38.38383838383838,0.020000000000000004,0.0358062111528372,0.0,0.01326991635163157,6.0
400,40,0,16050136660774674930,two-camp,0.75,0.0,3.171310490932549,60.60606060606061,0.34453176984012257,-0.02837613765470407,0.0,0.4359148974369888,6.0
401,40,1,16120863691429002188,two-camp,0.75,0.0,2.5096821898806785,52.525252525252526,0.3670030213926022,-0.02551937978031598,0.0,0.4346713884763651,6.0
402,40,2,444347807942870537,two-camp,0.75,0.0,3.1770586995538146,45.45454545454545,0.222835972593394,-0.0224829921517944,0.0,0.43130159042115523,6.0
403,40,3,8611276771255919040,two-camp,0.75,0.0,2.8657737448563325,54.54545454545455,0.3799664349350915,-0.010329502548769345,0.0,0.4394145687413337,6.0
404,40,4,16274661384421344312,two-camp,0.75,0.0,3.214740973741611,42.42424242424242,0.33744619321209846,0.0010492880987356776,0.3125,0.44702238677813333,6.0
405,40,5,9755542038625654729,two-camp,0.75,0.0,3.1307882144503454,41.41414141414141,0.2833682305656388,0.02673341170684397,0.9202453987730062,0.4438248474053834,6.0
406,40,6,14949418048850530355,two-camp,0.75,0.0,2.904095528115368,49.494949494949495,0.3587804363637836,-0.00613613865473695,0.30303030303030304,0.44479111391874987,6.0
407,40,7,16091795534727772531,two-camp,0.75,0.0,3.0105459348862507,42.42424242424242,0.3272568619196293,0.018490889736915577,0.9230769230769231,0.44537484967887997,6.0
408,40,8,4949207452411561799,two-camp,0.75,0.0,3.454802633865828,49.494949494949495,0.2756400047229856,0.024585372538624917,0.3194888178913738,0.44668106541494124,6.0
409,40,9,504565989507175017,two-camp,0.75,0.0,3.198666647123582,47.474747474747474,0.31207217558390676,-0.028921515479933966,0.0,0.44373269459177644,6.0
410,41,0,16372895025157740884,two-camp,0.75,0.05,3.129380731100955,50.505050505050505,0.020000000000000004,0.017520373598387387,0.0,0.052054544381597685,6.0
411,41,1,6185633837605225537,two-camp,0.75,0.05,2.9983531730583683,47.474747474747474,0.028471999765729013,-0.0003753242881810181,0.0,0.05121076267964395,6.0
412,41,2,8354514833838388058,two-camp,0.75,0.05,2.994897754822467,42.42424242424242,0.02,0.006906600709369971,0.0,0.06359746943762451,6.0
413,41,3,2671686981808890434,two-camp,0.75,0.05,2.871484076019338,49.494949494949495,0.038780176308702105,0.044509042603872825,0.0,0.05202477549772015,6.0
414,41,4,5846476578261151980,two-camp,0.75,0.05,3.074011721140214,45.45454545454545,0.02,-0.004863469783761614,0.0,0.05159663211388451,6.0
415,41,5,8515376050335147516,two-camp,0.75,0.05,2.76470162034298,48.484848484848484,0.041016870598108594,0.008703369642358245,0.0,0.055962505214842403,6.0
416,41,6,9464042973751672205,two-camp,0.75,0.05,3.251277905115515,54.54545454545455,0.02742541458219551,0.024192481670695806,0.0,0.056757481677679134,6.0
417,41,7,12730889341363308587,two-camp,0.75,0.05,2.9419038611981523,47.474747474747474,0.02,-0.008603001968204918,0.0,0.04991919591074083,6.0
418,41,8,15316170640665637436,two-camp,0.75,0.05,4.024441806570829,36.36363636363637,0.021969350795574962,-0.0030694809245938384,0.0,0.05428805471978099,6.0
419,41,9,2235722556984278814,two-camp,0.75,0.05,3.517739201535686,48.484848484848484,0.020000000000000004,-0.010827830052140996,0.0,0.07084466301363865,6.0
420,42,0,15372622638770467804,two-camp,0.75,0.1,2.799049740016305,48.484848484848484,0.019999999999999997,0.009011725858654245,0.0,0.027393337480469977,6.0
421,42,1,9350724693506125822,two-camp,0.75,0.1,4.041713128699619,51.515151515151516,0.02178686350756455,-0.0017618951987982518,0.0,0.05431193753953593,6.0
422,42,2,15573935535436910471,two-camp,0.75,0.1,2.9772381097521055,48.484848484848484,0.019999999999999997,0.024664116753105033,0.0,0.03821677084983153,6.0
423,42,3,9653007080286327355,two-camp,0.75,0.1,3.398014275900721,36.36363636363637,0.020000000000000004,-0.03764489139110569,0.0,0.036482049575872574,6.0
424,42,4,11764233567970191888,two-camp,0.75,0.1,2.8743930717337225,56.56565656565657,0.02,0.003916662726581982,0.0,0.03928322231918078,6.0
425,42,5,1042773494082722234,two-camp,0.75,0.1,3.322901042292607,48.484848484848484,0.020000000000000004,-0.04003088099699515,0.0,0.02626962192554226,6.0
426,42,6,11302961360789499050,two-camp,0.75,0.1,3.646608754212896,38.38383838383838,0.020000000000000004,0.021375402823929506,0.0,0.03753086116665532,6.0
427,42,7,15221116674610772597,two-camp,0.75,0.1,3.2959889799719058,46.464646464646464,0.019999999999999997,-0.027759141570341508,0.0,0.0435722316076916,6.0
428,42,8,8494328433107387193,two-camp,0.75,0.1,3.2205169575324923,51.515151515151516,0.02,0.0048620741600086375,0.0,0.030537306154715182,6.0
429,42,9,14139733419982375397,two-camp,0.75,0.1,3.050413937567021,43.43434343434343,0.019999999999999997,0.013654521402939691,0.0,0.046648597636826716,6.0
430,43,0,1517410859830854318,two-camp,0.75,0.2,3.532447693848496,45.45454545454545,0.020000000000000004,0.009099897876922839,0.0,0.03262137521864911,6.0
431,43,1,1967595839257462661,two-camp,0.75,0.2,3.2371968878202337,53.535353535353536,0.02,-0.0034443626162569785,0.0,0.04301213700539004,6.0
432,43,2,737503435069653810,two-camp,0.75,0.2,3.5298388665283955,48.484848484848484,0.020000000000000004,0.0051607736637554824,0.0,0.02832712097410989,6.0
433,43,3,11888552914697191608,two-camp,0.75,0.2,4.493292600545384,27.272727272727273,0.019999999999999997,-0.05647848222845651,0.0,0.042386072964043044,6.0
434,43,4,16670091430787499232,two-camp,0.75,0.2,2.902710397011688,47.474747474747474,0.020000000000000004,-0.008886097890883732,0.0,0.025329829311712047,6.0
435,43,5,1630024513345629687,two-camp,0.75,0.2,2.955165977374843,60.60606060606061,0.019999999999999997,0.010721601330116478,0.0,0.024195913535678345,6.0
436,43,6,16508965881415445451,two-camp,0.75,0.2,3.174366175850695,54.54545454545455,0.026690491815262528,0.0327994392579093,0.0,0.020722266482351308,6.0
437,43,7,5826828918606220896,two-camp,0.75,0.2,4.029285260731223,39.39393939393939,0.02018067076851543,3.542352015025119e-05,0.0,0.01851797469118097,6.0
438,43,8,5310946769290199123,two-camp,0.75,0.2,3.5807163164668054,50.505050505050505,0.02,0.004650912511168004,0.0,0.021694179850256946,6.0
439,43,9,16414457417461174308,two-camp,0.75,0.2,3.2780170292145607,43.43434343434343,0.02,-0.008392019345655333,0.0,0.03922696300475845,6.0
440,44,0,10035909661033025886,two-camp,0.75,0.4,3.2774065182331653,54.54545454545455,0.02,0.0026293682869890623,0.0,0.052964186555003956,6.0
441,44,1,6661034072819549459,two-camp,0.75,0.4,3.662976581906637,50.505050505050505,0.02,0.013494613859188882,0.0,0.013568055414137492,6.0
442,44,2,2717181844959158975,two-camp,0.75,0.4,3.299535411996644,50.505050505050505,0.019999999999999997,-0.017607134135580734,0.0,0.013911397841219484,6.0
443,44,3,14772804748092475248,two-camp,0.75,0.4,3.3185541467615667,53.535353535353536,0.020000000000000004,-0.020369598403254193,0.0,0.013410263277557639,6.0
444,44,4,11167313272929863152,two-camp,0.75,0.4,3.4104226990564053,32.323232323232325,0.019999999999999997,0.05034834619571192,0.0,0.040361490587130275,6.0
445,44,5,6038127313245551776,two-camp,0.75,0.4,4.4307876973773554,34.343434343434346,0.019999999999999997,-0.015508447748514594,0.0,0.01343693338975874,6.0
446,44,6,9929067485550477010,two-camp,0.75,0.4,3.255419207668081,56.56565656565657,0.019999999999999997,0.022341306290522618,0.0,0.028862868937225058,6.0
447,44,7,14324823089392921264,two-camp,0.75,0.4,3.5267851467669384,47.474747474747474,0.020000000000000004,-0.033582382389676084,0.0,0.03922548274589378,6.0
448,44,8,5826328777739489028,two-camp,0.75,0.4,3.8660735478560024,46.464646464646464,0.019999999999999997,0.011270988145501674,0.0,0.060502415398962714,6.0
449,44,9,771687805612037923,two-camp,0.75,0.4,3.2128948502774364,49.494949494949495,0.02,-0.002299295314320751,0.0,0.03766151284812558,6.0
450,45,0,14447393381087507564,two-camp,1.0,0.0,2.9776577739173327,48.484848484848484,0.41769758685648095,0.004796981634151543,0.0,0.43279216245274077,6.0
451,45,1,8167228626592588813,two-camp,1.0,0.0,3.0465804961704777,47.474747474747474,0.3514615704914268,0.006113316543380293,0.0,0.4526526574102669,6.0
452,45,2,4278737774041440784,two-camp,1.0,0.0,3.2471263420788716,43.43434343434343,0.4205610407371134,-0.01374511081071653,0.30120481927710846,0.44312564444169555,6.0
453,45,3,9257726134418983093,two-camp,1.0,0.0,3.184038793808688,51.515151515151516,0.4172102614368606,-0.01763296413815212,0.974025974025974,0.4367696801570086,6.0
454,45,4,9632736215594091134,two-camp,1.0,0.0,3.254851921833463,50.505050505050505,0.29632093977648477,0.02716752610253269,1.0169491525423728,0.4302682160995716,6.0
455,45,5,11985645273407680192,two-camp,1.0,0.0,3.8640287208449577,39.39393939393939,0.020000000000000004,-0.007671135383298047,0.0,0.4321071083851907,6.0
456,45,6,730387876506025482,two-camp,1.0,0.0,3.1183290864932642,48.484848484848484,0.24114839918828174,0.003560326475723276,0.0,0.4461112842082916,6.0
457,45,7,8624876577873037750,two-camp,1.0,0.0,3.855348946354423,39.39393939393939,0.3455708442711528,0.02152416722727476,0.0,0.4339729833758864,6.0
458,45,8,8409334199862425651,two-camp,1.0,0.0,3.1782882786182594,57.57575757575758,0.35020859675763594,-0.015645479107713096,0.0,0.44065329534030784,6.0
459,45,9,17130743571764453861,two-camp,1.0,0.0,3.2002658689497343,49.494949494949495,0.3338456285664964,0.006825126342999821,0.6172839506172839,0.4280558934470763,6.0
460,46,0,74051736868411620,two-camp,1.0,0.05,3.6954264025709187,51.515151515151516,0.047929678789256844,-0.014002806254843932,0.0,0.05559812751018948,6.0
461,46,1,1257653661864843750,two-camp,1.0,0.05,2.788186269341436,48.484848484848484,0.025084208708145483,-0.015433771068997746,0.0,0.0526718550787058,6.0
462,46,2,13037633290932348299,two-camp,1.0,0.05,3.1975731377467276,39.39393939393939,0.022983410937563252,-0.019399049246515053,0.0,0.07733211525640932,6.0
463,46,3,6816060933474055485,two-camp,1.0,0.05,3.6616068203657925,32.323232323232325,0.02,0.006136645017940233,0.0,0.0550473099766832,6.0
464,46,4,9189062508968337807,two-camp,1.0,0.05,3.0998741961259135,57.57575757575758,0.04359479293606687,0.019531754359724693,0.0,0.05454549269066881,6.0
465,46,5,2840098146840171388,two-camp,1.0,0.05,3.5009048203898203,46.464646464646464,0.04758349388224216,-0.05639292765638253,0.0,0.055756395210607115,6.0
466,46,6,14525117368213641586,two-camp,1.0,0.05,3.157599930545788,40.4040404040404,0.029827152082549897,-0.024724050051754962,0.0,0.05787397808337393,6.0
467,46,7,6702843606915064530,two-camp,1.0,0.05,2.6632792179810227,55.55555555555556,0.019999999999999997,0.028628697258913566,0.0,0.08119546762403176,6.0
468,46,8,15525490923431159354,two-camp,1.0,0.05,3.017141370799298,54.54545454545455,0.025319620579379788,0.01285716770102675,0.0,0.06056448799412355,6.0
469,46,9,793775642953673625,two-camp,1.0,0.05,3.7703740293211423,46.464646464646464,0.027970173906098794,0.00037378071811656897,0.0,0.05264050809176787,6.0
470,47,0,10038122524781610722,two-camp,1.0,0.1,3.508222802407717,48.484848484848484,0.020000000000000004,-0.030640679899522513,0.0,0.027900160209119663,6.0
471,47,1,9930249916888849640,two-camp,1.0,0.1,3.0296589949210277,43.43434343434343,0.020000000000000004,-0.03140712816518157,0.0,0.03324802052686212,6.0
472,47,2,3584829143688969315,two-camp,1.0,0.1,3.186125352571848,52.525252525252526,0.020000000000000004,0.018531108013887652,0.0,0.04911867111348594,6.0
473,47,3,3360741944692943411,two-camp,1.0,0.1,3.2402376090625897,51.515151515151516,0.020000000000000004,-0.02875326216644592,0.0,0.0500034734403917,6.0
474,47,4,9632201884988576323,two-camp,1.0,0.1,3.7823293925276653,48.484848484848484,0.023448640706642074,0.035133278607644584,0.0,0.036225167084655556,6.0
475,47,5,4090014777272886737,two-camp,1.0,0.1,3.2212678168368543,44.44444444444444,0.020000000000000004,-0.009037675174608862,0.0,0.04877160827897948,6.0
476,47,6,8542754185839711129,two-camp,1.0,0.1,2.9337029875720244,44.44444444444444,0.02,0.005063649291152539,0.0,0.032517771422199006,6.0
477,47,7,15616649524659701188,two-camp,1.0,0.1,3.31711318594702,45.45454545454545,0.020000000000000004,-0.018584416242080595,0.0,0.026797028942428514,6.0
478,47,8,7768672384927088507,two-camp,1.0,0.1,3.260758213571809,50.505050505050505,0.020000000000000004,0.02942561907741235,0.0,0.02717794130343227,6.0
479,47,9,11238984558887713211,two-camp,1.0,0.1,3.303017006474642,57.57575757575758,0.020000000000000004,0.01491312507090991,0.0,0.025960672843539465,6.0
480,48,0,2981690199557064682,two-camp,1.0,0.2,3.7088100840653033,52.525252525252526,0.020000000000000004,0.033231724625479485,0.0,0.04704769833844115,6.0
481,48,1,5589742087589852691,two-camp,1.0,0.2,3.396170365291119,46.464646464646464,0.019999999999999997,-0.009677712438757773,0.0,0.02537006920063896,6.0
482,48,2,14139538798041597684,two-camp,1.0,0.2,3.075381713212112,47.474747474747474,0.020000000000000004,0.018525215913365627,0.32894736842105265,0.04677825705473416,6.0
483,48,3,1423991624523857274,two-camp,1.0,0.2,3.2067801295467846,46.464646464646464,0.020000000000000004,0.009305360734248726,0.0,0.018912190089397284,6.0
484,48,4,3397521321856815898,two-camp,1.0,0.2,4.023398677834796,40.4040404040404,0.020000000000000004,0.01565246729880219,0.0,0.03519662496462279,6.0
485,48,5,11903467180867219776,two-camp,1.0,0.2,3.502424095256059,49.494949494949495,0.019999999999999997,0.026243684228091084,0.0,0.05086493296547806,6.0
486,48,6,12834594004403006785,two-camp,1.0,0.2,3.689343663864706,56.56565656565657,0.02,-0.002652464550396682,0.0,0.023448747059611284,6.0
487,48,7,6566868934399549887,two-camp,1.0,0.2,3.042671676265022,42.42424242424242,0.02,0.012588661721877106,0.0,0.0267534285472681,6.0
488,48,8,15804614566831868657,two-camp,1.0,0.2,2.78927375716728,42.42424242424242,0.02,-0.0023135981121343015,0.0,0.044572480083293155,6.0
489,48,9,12176985967762102617,two-camp,1.0,0.2,3.457914974174146,47.474747474747474,0.02,0.0005536676368322076,0.0,0.02479228692382429,6.0
490,49,0,6631401839850940980,two-camp,1.0,0.4,3.562563026212175,46.464646464646464,0.020527943521027568,-0.018811880220119818,0.0,0.057153533618394155,6.0
491,49,1,16157583578071807597,two-camp,1.0,0.4,3.4535166362700913,49.494949494949495,0.02,-0.0009228990020394235,0.0,0.03907995603057314,6.0
492,49,2,12590336985287297388,two-camp,1.0,0.4,3.5722947007315122,38.38383838383838,0.019999999999999997,0.0197903904471686,0.0,0.01414629748658138,6.0
493,49,3,16840657356140128827,two-camp,1.0,0.4,2.918767651360134,52.525252525252526,0.020000000000000004,0.03997264778348452,0.0,0.0372759206073211,6.0
494,49,4,16838850492194111213,two-camp,1.0,0.4,3.247196284397812,50.505050505050505,0.020000000000000004,0.04159746432923863,0.0,0.04573701243205724,6.0
495,49,5,1975051788249195787,two-camp,1.0,0.4,2.9860186120062213,55.55555555555556,0.020000000000000004,0.014705358035142873,0.0,0.013647539426940346,6.0
496,49,6,15471823287877915529,two-camp,1.0,0.4,3.037880663510359,45.45454545454545,0.02,-0.004943493266382743,0.0,0.014553138557211034,6.0
497,49,7,10004977089276424395,two-camp,1.0,0.4,3.3812558964745767,48.484848484848484,0.020000000000000004,0.03713892257843078,0.0,0.0128384399173391,6.0
498,49,8,5874860766599220087,two-camp,1.0,0.4,3.0690360777371266,49.494949494949495,0.020000000000000004,-0.024428673467098257,0.0,0.027617908776996575,6.0
499,49,9,6479474123030291927,two-camp,1.0,0.4,3.2474825863717713,45.45454545454545,0.019999999999999997,-0.024698511776129087,0.0,0.022863394536153922,6.0
