run_id,condition_index,repetition,seed,party_adaptation,base_pressure,mean_margin,control_change_rate,party_gap,blue_position,red_position,turnout_rate
0,0,0,18402749602203652153,0.0,0.0,24.378144686580445,0.0,0.6905619504127474,-0.19056195041274743,0.5,63.6
1,0,1,13808986468414001814,0.0,0.0,14.704443695441972,4.040404040404041,0.6680638514308161,-0.1859780798798294,0.4820857715509868,63.8
2,0,2,10116586503037744457,0.0,0.0,15.980585038753997,0.0,0.6968296452996298,-0.1968296452996298,0.5,69.4
3,0,3,17938835419667548604,0.0,0.0,13.697776002181989,2.0202020202020203,0.6651344821613988,-0.18267117709699296,0.4824633050644058,63.2
4,0,4,7060503153476306114,0.0,0.0,26.711922373278554,0.0,0.6913517230962127,-0.5,0.19135172309621273,65.0
5,0,5,16568399588521534032,0.0,0.0,10.808618325913685,4.040404040404041,0.6959804736173388,-0.21337829349960727,0.4826021801177316,65.0
6,0,6,18090256421956235832,0.0,0.0,14.530478222404358,4.040404040404041,0.6656116688187547,-0.1843278871745673,0.48128378164418734,64.2
7,0,7,6500944186947592735,0.0,0.0,15.555284533835453,1.0101010101010102,0.6944786642583599,-0.20308738043041108,0.49139128382794883,64.8
8,0,8,5271768069377481754,0.0,0.0,19.57371722460524,0.0,0.6887322933591941,-0.18873229335919403,0.5,65.4
9,0,9,2006604973784634265,0.0,0.0,11.235102664611896,8.080808080808081,0.6541474804848151,-0.18977239474356028,0.4643750857412548,68.4
10,1,0,8549157227298285522,0.0,0.25,19.94250891551052,0.0,0.6863463688879341,-0.18634636888793416,0.5,63.0
11,1,1,17819892903415314076,0.0,0.25,18.308439888341518,0.0,0.6804973360809334,-0.5,0.1804973360809335,67.2
12,1,2,6364443465828727048,0.0,0.25,13.694936714311677,4.040404040404041,0.6581776636951876,-0.48253459775907837,0.17564306593610923,67.2
13,1,3,17862945032103662374,0.0,0.25,24.03991610156437,0.0,0.6974380433021337,-0.5,0.1974380433021337,65.8
14,1,4,8942915744595678601,0.0,0.25,16.410941392463414,0.0,0.691569541332673,-0.5,0.19156954133267295,64.0
15,1,5,7347863971886010909,0.0,0.25,19.32755701102351,1.0101010101010102,0.6960676469281052,-0.4908399094736614,0.2052277374544438,62.8
16,1,6,709215631201525422,0.0,0.25,19.319037225699446,0.0,0.6953722930464681,-0.19537229304646814,0.5,65.8
17,1,7,8965320495098489664,0.0,0.25,14.266575541992696,2.0202020202020203,0.6872003455104119,-0.19693006692862158,0.49027027858179034,65.4
18,1,8,10497397459611048065,0.0,0.25,8.73015568147182,8.080808080808081,0.6814983820399149,-0.2326190013252495,0.4488793807146654,66.0
19,1,9,5741987633286171860,0.0,0.25,13.588866817920882,2.0202020202020203,0.6993641419618868,-0.4917314596090988,0.20763268235278792,67.8
20,2,0,4155790647435686321,0.0,0.5,12.841898065330929,0.0,0.7048793691604144,-0.5,0.2048793691604144,63.6
21,2,1,1302171993514254698,0.0,0.5,15.761309436544554,0.0,0.6812614321511723,-0.18126143215117227,0.5,65.4
22,2,2,11857022734734587972,0.0,0.5,15.30633422628051,5.05050505050505,0.6637171812776055,-0.19002895324435484,0.47368822803325067,65.4
23,2,3,17512683940038534200,0.0,0.5,17.047200735232295,0.0,0.6720925114726464,-0.5,0.1720925114726464,65.2
24,2,4,792168699544626072,0.0,0.5,16.56012738725018,1.0101010101010102,0.6916835666164287,-0.49082825871924596,0.20085530789718276,69.4
25,2,5,11598702600460565652,0.0,0.5,22.14669409595362,0.0,0.6952460765943355,-0.1952460765943355,0.5,63.6
26,2,6,13559265507446260268,0.0,0.5,14.882021038683305,0.0,0.6850668486686178,-0.18506684866861778,0.5,67.2
27,2,7,10465451002891458374,0.0,0.5,27.009202081907706,0.0,0.6790261766988134,-0.5,0.17902617669881335,65.2
28,2,8,1655319314680752938,0.0,0.5,20.45202997352423,0.0,0.6749020744182337,-0.5,0.17490207441823363,64.6
29,2,9,11724536325231161156,0.0,0.5,12.505571886608271,2.0202020202020203,0.6999475963457501,-0.4907838438661436,0.20916375247960647,65.0
30,3,0,8053210096387026896,0.0,0.75,27.037537539983234,0.0,0.6781870887753005,-0.5,0.1781870887753006,63.8
31,3,1,10655495520655556436,0.0,0.75,18.38955415619136,1.0101010101010102,0.6772683504621682,-0.49189856528167186,0.18536978518049624,66.8
32,3,2,9904610584844573083,0.0,0.75,18.11625098094321,0.0,0.733996006296749,-0.5,0.23399600629674905,66.6
33,3,3,4303397526913767443,0.0,0.75,27.11347277164626,0.0,0.6654690850441385,-0.5,0.16546908504413846,64.2
34,3,4,10631180196865157691,0.0,0.75,12.804614773244248,4.040404040404041,0.6809537832445041,-0.19922304300569987,0.48173074023880424,65.6
35,3,5,2066679233980803483,0.0,0.75,25.805779984184188,0.0,0.6785681975850556,-0.1785681975850556,0.5,65.2
36,3,6,440753054018922954,0.0,0.75,12.88398379883507,2.0202020202020203,0.7045660662482404,-0.49111373050076546,0.2134523357474749,65.8
37,3,7,2509458898000412876,0.0,0.75,22.893618598800614,0.0,0.6875512000993715,-0.1875512000993716,0.5,65.4
38,3,8,8848217428589277260,0.0,0.75,20.30573783877661,0.0,0.6884387069194955,-0.1884387069194955,0.5,63.0
39,3,9,11006788599861831513,0.0,0.75,15.76951566765718,0.0,0.6966385090338741,-0.19663850903387414,0.5,64.2
40,4,0,2164664195095254506,0.0,1.0,15.458607085830065,0.0,0.6976095211099875,-0.5,0.19760952110998747,69.0
41,4,1,9882612895554826377,0.0,1.0,18.575976669042603,0.0,0.682233110437594,-0.5,0.18223311043759402,66.2
42,4,2,8101908477661534132,0.0,1.0,16.32281662531,0.0,0.7021541076643762,-0.20215410766437628,0.5,65.4
43,4,3,15746211412080022513,0.0,1.0,3.981072891257445,33.333333333333336,0.5838961794902957,-0.35461852089932566,0.22927765859097005,67.2
44,4,4,9994985750895263302,0.0,1.0,16.934760334471807,0.0,0.7090212668701307,-0.5,0.20902126687013067,67.4
45,4,5,6490197761713282024,0.0,1.0,17.99175651540418,1.0101010101010102,0.6781248383190526,-0.49044051349999274,0.18768432481905983,65.6
46,4,6,14380750519882908218,0.0,1.0,18.7707780130523,0.0,0.6937060095703474,-0.5,0.19370600957034745,66.4
47,4,7,9636804809407421694,0.0,1.0,17.53125606517777,2.0202020202020203,0.6718382846017539,-0.18123372900721374,0.4906045555945402,67.6
48,4,8,8467306073981973094,0.0,1.0,25.367713696454135,0.0,0.677784069774918,-0.17778406977491798,0.5,65.0
49,4,9,17904900298365364238,0.0,1.0,22.161723221048796,0.0,0.6938623077360173,-0.1938623077360173,0.5,70.2
50,5,0,13087503490258137846,0.1,0.0,2.8640149382818936,51.515151515151516,0.06099515847647677,-0.027678975150637955,0.033316183325838813,62.6
51,5,1,7501536013274468442,0.1,0.0,3.148882104408111,37.37373737373738,0.10724523729529012,-0.005151718426718355,0.10209351886857176,59.4
52,5,2,17797016293247597116,0.1,0.0,2.8437025513311305,51.515151515151516,0.15474373182825119,-0.07758088259775642,0.07716284923049475,62.4
53,5,3,14590936352739134514,0.1,0.0,2.914605725340576,44.44444444444444,0.09794265768333504,-0.038876333365907755,0.05906632431742728,63.8
54,5,4,6862419106532725516,0.1,0.0,2.9704591697727185,54.54545454545455,0.028762371852000104,-0.020993844437140752,0.007768527414859351,64.8
55,5,5,8014182629609012547,0.1,0.0,3.0587913343789364,51.515151515151516,0.14803035369416165,-0.06680075135569422,0.08122960233846743,65.4
56,5,6,17975047340040693422,0.1,0.0,3.25021058171267,48.484848484848484,0.302308833904662,-0.11287409546939214,0.18943473843526987,68.6
57,5,7,2526812524552602065,0.1,0.0,3.044281766845824,52.525252525252526,0.034407772927258724,-0.006707925136277971,0.027699847790980753,61.4
58,5,8,2318361973073805590,0.1,0.0,2.8315272029503338,48.484848484848484,0.1164614991104882,-0.05567171667647374,0.060789782434014464,63.8
59,5,9,8668831289319233106,0.1,0.0,3.455464230099204,58.58585858585859,0.0692133785222863,0.0007510210179969058,0.0699643995402832,61.4
60,6,0,14431918928293134222,0.1,0.25,2.835500913519329,43.43434343434343,0.3270155830369541,-0.17889787735045393,0.14811770568650015,65.4
61,6,1,4662019071424517467,0.1,0.25,2.960063502916654,46.464646464646464,0.3038477735321178,-0.1547773932531398,0.14907038027897795,65.2
62,6,2,10613998446837456143,0.1,0.25,3.1466026982845943,48.484848484848484,0.28133214903590503,-0.1470447170283812,0.13428743200752383,61.4
63,6,3,5627091141002313359,0.1,0.25,3.049905076076186,50.505050505050505,0.2808979298869244,-0.11169159663913344,0.16920633324779097,58.6
64,6,4,18254523897983272782,0.1,0.25,3.0224995101969565,49.494949494949495,0.2857275216323522,-0.12120703729566819,0.164520484336684,61.4
65,6,5,6580821875096420772,0.1,0.25,3.317045656781644,44.44444444444444,0.30648895183675345,-0.16338319608069027,0.14310575575606319,65.4
66,6,6,16679689409514091203,0.1,0.25,2.9844623334387785,44.44444444444444,0.29048611954461356,-0.15470152024013137,0.13578459930448217,64.4
67,6,7,5000325823850477628,0.1,0.25,2.9682020283197734,52.525252525252526,0.2782208350932873,-0.13870390850975647,0.13951692658353082,62.4
68,6,8,8827375116792364567,0.1,0.25,3.353194413169141,55.55555555555556,0.27272015451794096,-0.14271257615091265,0.1300075783670283,64.6
69,6,9,4761440514263314321,0.1,0.25,3.3157553808392466,54.54545454545455,0.2880307554353068,-0.15362254917597953,0.13440820625932728,60.4
70,7,0,4649479782226294014,0.1,0.5,2.82142938711264,50.505050505050505,0.36582760576080253,-0.16710097294412415,0.1987266328166784,66.4
71,7,1,5844390551421923422,0.1,0.5,3.049923260647745,49.494949494949495,0.34409392469671063,-0.170487090211775,0.1736068344849356,65.4
72,7,2,11991016868097401390,0.1,0.5,2.8735687988367453,55.55555555555556,0.32446079945109096,-0.1474677512855292,0.17699304816556177,64.2
73,7,3,4314987696856636963,0.1,0.5,2.6395938831834798,59.5959595959596,0.33464536107138315,-0.15511846316777003,0.17952689790361312,57.2
74,7,4,14671872792651078450,0.1,0.5,2.6277332034350236,47.474747474747474,0.3453546366713617,-0.16994409095096694,0.17541054572039472,65.6
75,7,5,3541253604825992940,0.1,0.5,2.6741926980726753,51.515151515151516,0.31122701046135803,-0.15591439666163862,0.15531261379971942,60.4
76,7,6,12929983155939840171,0.1,0.5,2.513608830051627,49.494949494949495,0.321885627193207,-0.16319744601887554,0.15868818117433145,63.2
77,7,7,6881260385396976840,0.1,0.5,3.394467851745527,49.494949494949495,0.33505124550898224,-0.1587858217117801,0.17626542379720217,65.4
78,7,8,986696458800254528,0.1,0.5,2.77852573265709,46.464646464646464,0.3555121658035206,-0.16942736594694013,0.18608479985658044,62.8
79,7,9,9511987160317660280,0.1,0.5,2.8820494763115927,47.474747474747474,0.3184509023101434,-0.15953971782883908,0.15891118448130429,64.0
80,8,0,13182684994270760514,0.1,0.75,2.927147667476927,48.484848484848484,0.37264188126346176,-0.1777669216031646,0.19487495966029716,65.0
81,8,1,17497369085471242771,0.1,0.75,2.5521550555308035,44.44444444444444,0.34535355289650205,-0.16057530861256422,0.18477824428393785,62.8
82,8,2,16142688563249650437,0.1,0.75,3.524315903441273,42.42424242424242,0.3579679322207846,-0.157124323799824,0.20084360842096063,66.2
83,8,3,8443789836193380125,0.1,0.75,2.8822369991588745,53.535353535353536,0.3497020478690077,-0.16288641016523217,0.18681563770377554,67.2
84,8,4,13145474581219769686,0.1,0.75,2.865421851198939,39.39393939393939,0.3762186760250023,-0.19099255188037215,0.18522612414463016,66.4
85,8,5,4604703871368151028,0.1,0.75,3.1031166677646724,48.484848484848484,0.3540169224904836,-0.17040672218535424,0.18361020030512937,65.2
86,8,6,14067409057729023322,0.1,0.75,3.083214473106622,53.535353535353536,0.3590548958016146,-0.177698677030806,0.1813562187708086,63.4
87,8,7,10758974716298792651,0.1,0.75,2.959939089587187,48.484848484848484,0.37632383069362607,-0.18403070746262093,0.19229312323100511,65.6
88,8,8,5887328138672343569,0.1,0.75,3.029421131167234,49.494949494949495,0.3560184714787044,-0.1866589977569532,0.16935947372175122,64.6
89,8,9,14384507004093180077,0.1,0.75,2.717021866563931,53.535353535353536,0.3519610212247728,-0.18495643444971985,0.16700458677505292,65.0
90,9,0,11966550756878304246,0.1,1.0,3.265938208359968,50.505050505050505,0.42551705792118205,-0.21304340724297244,0.2124736506782096,64.4
91,9,1,8263427643908703571,0.1,1.0,2.8962926909850153,51.515151515151516,0.3979249832203912,-0.1886317709092329,0.20929321231115833,58.6
92,9,2,2522221857488168668,0.1,1.0,3.3316551242800387,40.4040404040404,0.4067272941645111,-0.2043079658045661,0.202419328359945,62.2
93,9,3,6109712612164009920,0.1,1.0,3.4909473230672114,35.35353535353536,0.4304361408186317,-0.22541010297179154,0.20502603784684018,62.6
94,9,4,2028058598902513421,0.1,1.0,3.0627905346746616,49.494949494949495,0.39194157392053874,-0.18863726057633504,0.2033043133442037,61.8
95,9,5,18070655103028779026,0.1,1.0,3.0137558468879138,44.44444444444444,0.3919403885827698,-0.19191876700081975,0.20002162158195005,65.8
96,9,6,17296021371035898062,0.1,1.0,3.3662082633709667,52.525252525252526,0.4309319902697261,-0.2308528910701988,0.20007909919952732,66.2
97,9,7,12833603396820638724,0.1,1.0,2.5498736854997928,51.515151515151516,0.4052774125262947,-0.18767903931732782,0.21759837320896686,66.8
98,9,8,6325309183120637838,0.1,1.0,3.341829276055404,48.484848484848484,0.4090326101942473,-0.22701383628454103,0.18201877390970625,62.6
99,9,9,15821691148133065416,0.1,1.0,2.532451123801768,54.54545454545455,0.41047217932359276,-0.20875780184903678,0.20171437747455598,65.6
100,10,0,11461019204192818692,0.2,0.0,3.6084198892978043,44.44444444444444,0.25292019470801774,-0.09795794207879295,0.15496225262922478,59.0
101,10,1,18002059165070399312,0.2,0.0,2.8218499119866305,44.44444444444444,0.3219007263935104,-0.14369290330334045,0.17820782309017,66.8
102,10,2,12142876964362080882,0.2,0.0,3.334362231316113,45.45454545454545,0.25522763539818016,-0.15868004367770105,0.09654759172047908,64.4
103,10,3,2461935129382136199,0.2,0.0,2.971687254774588,58.58585858585859,0.31373156835123783,-0.19120473638221663,0.1225268319690212,62.2
104,10,4,10808887917043121414,0.2,0.0,4.306603758793768,30.303030303030305,0.3479038218527592,-0.13333002402526378,0.21457379782749542,61.6
105,10,5,18149300661389745951,0.2,0.0,3.437868848794386,58.58585858585859,0.20003593805419356,-0.15956435237750857,0.04047158567668499,65.8
106,10,6,15772927629628026002,0.2,0.0,3.787502984041049,46.464646464646464,0.3186633373288398,-0.1923083347334814,0.1263550025953584,63.2
107,10,7,4770103864057803179,0.2,0.0,4.089786634130454,44.44444444444444,0.326810330429123,-0.14055052680968738,0.18625980361943562,60.6
108,10,8,12761585724372939981,0.2,0.0,2.721980804049383,46.464646464646464,0.2809179604609007,-0.13150761759020563,0.14941034287069505,62.2
109,10,9,3766445265493253168,0.2,0.0,3.093949479066847,47.474747474747474,0.3093091547220298,-0.10776733696107196,0.2015418177609578,64.2
110,11,0,9356439332153192948,0.2,0.25,3.1781385394033403,53.535353535353536,0.3138350659117674,-0.14920472905477863,0.16463033685698877,59.2
111,11,1,14456035742975515268,0.2,0.25,3.557320114622901,52.525252525252526,0.3257890921322645,-0.15115856104189007,0.17463053109037438,64.8
112,11,2,2562757615628570934,0.2,0.25,2.8833765407699947,46.464646464646464,0.3178367322760337,-0.1874545365930175,0.13038219568301618,64.2
113,11,3,16633016407309990851,0.2,0.25,2.8855631801070127,57.57575757575758,0.33986779620589447,-0.19486182020679443,0.14500597599910006,64.8
114,11,4,15557843267793863574,0.2,0.25,3.416080459055729,42.42424242424242,0.28940080042715177,-0.13457929420180553,0.15482150622534627,65.8
115,11,5,13774002591901405648,0.2,0.25,4.3995841499024495,37.37373737373738,0.296524234790635,-0.17400560186582117,0.12251863292481381,67.2
116,11,6,16072834732045810525,0.2,0.25,3.4695091457886984,48.484848484848484,0.33094620926081486,-0.1284314665316104,0.20251474272920447,62.6
117,11,7,7671417155738784627,0.2,0.25,3.120715412666369,44.44444444444444,0.3462547697255879,-0.1513823374582026,0.19487243226738526,64.2
118,11,8,6229778638932050950,0.2,0.25,3.300756091901326,54.54545454545455,0.33394979352624493,-0.2232966507331337,0.11065314279311124,62.6
119,11,9,4071234822802519213,0.2,0.25,3.931140535450142,41.41414141414141,0.30594801821915163,-0.1502694974695359,0.1556785207496157,64.0
120,12,0,14144982686092207667,0.2,0.5,2.8586020322153103,48.484848484848484,0.33969596297346233,-0.22097466716165434,0.118721295811808,65.2
121,12,1,2233429160994791488,0.2,0.5,2.8439693918596585,59.5959595959596,0.31949693356800385,-0.16569990078020655,0.1537970327877973,60.4
122,12,2,17956255561573908039,0.2,0.5,3.1379635667655315,52.525252525252526,0.34040615708270305,-0.17410438625199187,0.1663017708307112,62.6
123,12,3,4375901905356782836,0.2,0.5,3.4704208954247315,48.484848484848484,0.3637372067715155,-0.16106298588998375,0.20267422088153175,64.2
124,12,4,17261420801594107949,0.2,0.5,3.144654082894923,55.55555555555556,0.3193547377596999,-0.1919760769292212,0.1273786608304787,64.8
125,12,5,4324354792618486536,0.2,0.5,2.8202538658252547,46.464646464646464,0.35308547358651077,-0.1482525076113117,0.20483296597519907,63.4
126,12,6,2037671924082947936,0.2,0.5,2.82293682674342,47.474747474747474,0.357159623478996,-0.17253798877647297,0.18462163470252305,59.4
127,12,7,557049966988806392,0.2,0.5,3.4445747400570768,41.41414141414141,0.338388956491332,-0.1448775806795802,0.1935113758117518,61.8
128,12,8,11794456563241971447,0.2,0.5,3.372580553102166,53.535353535353536,0.3282991299779619,-0.1709925361548231,0.1573065938231388,65.2
129,12,9,14133588653046323822,0.2,0.5,3.4501915257797644,46.464646464646464,0.345292735944692,-0.14953221957785065,0.19576051636684133,64.0
130,13,0,10747197668628635506,0.2,0.75,3.091504501699306,52.525252525252526,0.34985011808268685,-0.17023224239523063,0.17961787568745619,66.2
131,13,1,237022284039444601,0.2,0.75,3.019655603443762,48.484848484848484,0.35744752206534436,-0.14918218037739778,0.2082653416879466,63.2
132,13,2,6656398683756426235,0.2,0.75,3.0684583596755375,50.505050505050505,0.3688042752427887,-0.18960716117631493,0.17919711406647376,65.6
133,13,3,8066259672526168957,0.2,0.75,2.7628610837823326,47.474747474747474,0.378130446162241,-0.20335454805235104,0.17477589810989,62.2
134,13,4,16558694422233376504,0.2,0.75,3.0554566705628408,49.494949494949495,0.3933382621332856,-0.18159752458623785,0.21174073754704778,63.4
135,13,5,16581591031739219901,0.2,0.75,3.1490807423964675,53.535353535353536,0.36126041020200617,-0.1695879460446273,0.1916724641573789,64.0
136,13,6,13410167559085442510,0.2,0.75,3.1069290289583704,50.505050505050505,0.3647666042590543,-0.17544464012012356,0.18932196413893068,65.0
137,13,7,17325606712393914814,0.2,0.75,3.2019777033218704,54.54545454545455,0.3659442489171304,-0.18363543001558189,0.18230881890154851,62.8
138,13,8,10325290074085854898,0.2,0.75,3.2957393843269456,50.505050505050505,0.38915658691442395,-0.19375217206917694,0.195404414845247,63.0
139,13,9,1750392820833064552,0.2,0.75,3.037757094032243,48.484848484848484,0.36730714642084955,-0.2015107308839795,0.16579641553687005,62.0
140,14,0,4545674758700200247,0.2,1.0,3.07268727378192,46.464646464646464,0.38339435070583383,-0.22052077549999352,0.16287357520584034,64.4
141,14,1,15100928595818884257,0.2,1.0,3.6273766232378817,38.38383838383838,0.4169741656553744,-0.19623278686890183,0.22074137878647254,60.4
142,14,2,7556415753276951465,0.2,1.0,3.1018019862205097,46.464646464646464,0.4185061916867663,-0.20458165274102783,0.21392453894573848,66.4
143,14,3,11600227935212573124,0.2,1.0,4.765590105321783,24.242424242424242,0.399979169511566,-0.18841612441004393,0.21156304510152205,61.6
144,14,4,3099784941335987845,0.2,1.0,2.8989578025911573,42.42424242424242,0.4263470062777115,-0.21108083563969318,0.21526617063801828,64.6
145,14,5,16087583940105321373,0.2,1.0,3.176248226081876,51.515151515151516,0.4025536675563778,-0.19565574740003072,0.2068979201563471,65.6
146,14,6,2869849097340617412,0.2,1.0,3.0966039152458227,44.44444444444444,0.4089585034682065,-0.23141210688131886,0.17754639658688762,70.0
147,14,7,5112556619514117297,0.2,1.0,2.744053930945057,63.63636363636363,0.40301898645250817,-0.20918395895067773,0.19383502750183043,66.0
148,14,8,4036050958779290877,0.2,1.0,3.0936509081019237,43.43434343434343,0.3724056165038474,-0.18208138563706291,0.19032423086678452,64.2
149,14,9,4541768881526946342,0.2,1.0,4.310169265160848,35.35353535353536,0.39502107016011273,-0.20015655842110713,0.1948645117390056,63.8
150,15,0,5785672570579635025,0.3,0.0,3.58637795442019,36.36363636363637,0.33056359027958826,-0.13809169006840627,0.192471900211182,65.4
151,15,1,11291116105228561017,0.3,0.0,3.479319386729155,54.54545454545455,0.33191181868840314,-0.1088342974656267,0.22307752122277646,61.4
152,15,2,1279604746805987519,0.3,0.0,4.4955524641566065,30.303030303030305,0.04356703228412349,-0.06454453102728579,-0.0209774987431623,62.6
153,15,3,2250209325576886836,0.3,0.0,3.3370981294635333,47.474747474747474,0.3054559004885879,-0.12339675454441214,0.18205914594417574,61.6
154,15,4,16177653777175231743,0.3,0.0,4.796121023860903,32.323232323232325,0.30644891051403217,-0.19294848740117054,0.11350042311286161,58.8
155,15,5,1217517230346578878,0.3,0.0,3.9388460272321186,29.292929292929294,0.3249134363682288,-0.16995179901603624,0.15496163735219254,64.2
156,15,6,11293283056338558513,0.3,0.0,2.891011387593399,55.55555555555556,0.3520387266928536,-0.25610203980360297,0.0959366868892506,67.6
157,15,7,3409622982464543205,0.3,0.0,3.434833272923776,51.515151515151516,0.25155733486454623,-0.1523909760561242,0.09916635880842205,64.0
158,15,8,17574631016349145461,0.3,0.0,5.391721180920479,17.171717171717173,0.3056987839541876,-0.14213207270820738,0.16356671124598018,63.8
159,15,9,16476358660498184445,0.3,0.0,4.588462313424703,36.36363636363637,0.379219428448619,-0.26070131605612257,0.1185181123924964,63.4
160,16,0,14621388145823126559,0.3,0.25,3.541318616147531,46.464646464646464,0.2867561919206779,-0.17703078846144146,0.10972540345923643,60.8
161,16,1,3933414652342700142,0.3,0.25,3.5025804357431007,53.535353535353536,0.34704329947030677,-0.1777963028275278,0.16924699664277895,66.6
162,16,2,8443648797949442230,0.3,0.25,3.8055610787635588,35.35353535353536,0.38139242553123986,-0.1604306040791879,0.22096182145205198,61.2
163,16,3,7468097949275079673,0.3,0.25,4.068079969428001,31.31313131313131,0.36476141660954275,-0.24241988772277331,0.12234152888676944,64.6
164,16,4,13376136667913831862,0.3,0.25,3.419105421250565,53.535353535353536,0.31404048643786875,-0.1740108215682765,0.14002966486959223,65.4
165,16,5,559343931643569586,0.3,0.25,4.386594770821856,41.41414141414141,0.27702175368183984,-0.14926215378306754,0.1277595998987723,64.4
166,16,6,2306954234809374535,0.3,0.25,3.18198898686082,47.474747474747474,0.36205553330942686,-0.18190139089642676,0.1801541424130001,60.0
167,16,7,15905250156341668734,0.3,0.25,4.286927095246519,26.262626262626263,0.3228049410064626,-0.18004274891686672,0.1427621920895959,61.0
168,16,8,2505517334141952105,0.3,0.25,3.38944144300552,53.535353535353536,0.33875299241611656,-0.1699066874313137,0.16884630498480283,60.2
169,16,9,8655283191403441419,0.3,0.25,2.948777617205821,54.54545454545455,0.2984106118512283,-0.16240669640989747,0.13600391544133084,64.2
170,17,0,7881909541238435603,0.3,0.5,2.881512555746839,61.61616161616162,0.2949042557329211,-0.1364849350931853,0.15841932063973582,68.0
171,17,1,14209386554323831490,0.3,0.5,3.5171527578570023,53.535353535353536,0.33232228608406034,-0.17922944794192439,0.15309283814213592,65.8
172,17,2,4892391776632121614,0.3,0.5,3.204430726163325,43.43434343434343,0.3488211454774993,-0.15991751377514635,0.188903631702353,63.2
173,17,3,790174306884170175,0.3,0.5,3.6070184845597693,40.4040404040404,0.3307274790581187,-0.14975111002930971,0.18097636902880904,58.6
174,17,4,15180963220744367927,0.3,0.5,3.292059039393454,48.484848484848484,0.34082913641699875,-0.1778060766703281,0.16302305974667064,67.0
175,17,5,6794229010053005822,0.3,0.5,2.844383067796298,45.45454545454545,0.3266091488978119,-0.15256724201138974,0.17404190688642218,64.2
176,17,6,1845313753473016201,0.3,0.5,3.744117763944552,39.39393939393939,0.32426592340320426,-0.16367719161776867,0.16058873178543562,67.0
177,17,7,13406534892525398653,0.3,0.5,3.0327553007786507,52.525252525252526,0.29764351641125797,-0.1688540180901812,0.12878949832107675,65.6
178,17,8,11187280609471544996,0.3,0.5,2.934424384864083,45.45454545454545,0.33729596120509264,-0.14702217626545297,0.19027378493963965,65.2
179,17,9,16235694865175605351,0.3,0.5,3.391253580880291,55.55555555555556,0.36782241278152517,-0.18469742899190633,0.18312498378961883,63.8
180,18,0,4622139533794607263,0.3,0.75,2.905579425608017,53.535353535353536,0.3708676837791036,-0.17194056516019893,0.19892711861890466,61.6
181,18,1,2635906683691921951,0.3,0.75,3.260750808696606,47.474747474747474,0.3842997213003226,-0.1941012939912752,0.19019842730904737,65.4
182,18,2,3999224927598737908,0.3,0.75,3.4992346348030243,44.44444444444444,0.38382638675799907,-0.20694758189685486,0.17687880486114424,65.8
183,18,3,11156481482851826737,0.3,0.75,4.019200306028916,37.37373737373738,0.36567711984695694,-0.17128189805149652,0.1943952217954604,62.4
184,18,4,9466758228233364281,0.3,0.75,2.7535497180086104,51.515151515151516,0.3756247191935702,-0.17928600164814848,0.1963387175454217,63.6
185,18,5,16093898530029076029,0.3,0.75,3.018696813106225,57.57575757575758,0.38362643245336653,-0.19438225090169833,0.1892441815516682,65.0
186,18,6,14496076467836675857,0.3,0.75,3.529194017490318,31.31313131313131,0.36727840536504136,-0.19324025543129905,0.1740381499337423,63.8
187,18,7,2971787035119515844,0.3,0.75,2.9401095878496033,54.54545454545455,0.3675767029139713,-0.16732873209213522,0.2002479708218361,63.2
188,18,8,15781562803843893789,0.3,0.75,2.8448760964172597,58.58585858585859,0.35185920992983266,-0.1904444341353918,0.16141477579444088,67.8
189,18,9,6883496161622208915,0.3,0.75,2.933896413292482,55.55555555555556,0.4001206067242632,-0.1975908455019453,0.20252976122231786,65.0
190,19,0,17653128420847588317,0.3,1.0,2.98421035932917,37.37373737373738,0.39264956105580684,-0.20101378701679487,0.19163577403901197,62.0
191,19,1,18194136880267351651,0.3,1.0,3.5034609864088306,41.41414141414141,0.40164989839223975,-0.2030615580560337,0.19858834033620604,69.0
192,19,2,16253412984851521207,0.3,1.0,3.6672643443766906,48.484848484848484,0.39173357876881526,-0.207031215331842,0.18470236343697327,63.0
193,19,3,9141699498964383888,0.3,1.0,2.8598214039736187,39.39393939393939,0.4034529978034265,-0.2089728059870894,0.19448019181633713,62.2
194,19,4,7145754426509700068,0.3,1.0,3.6451133692505175,36.36363636363637,0.42088891653002103,-0.20281549572643,0.21807342080359104,65.8
195,19,5,16524548293723675398,0.3,1.0,3.558089451577203,43.43434343434343,0.38273829877857324,-0.19183215704482623,0.19090614173374704,63.0
196,19,6,93133906881822650,0.3,1.0,3.6162035689092122,36.36363636363637,0.3903308242424991,-0.19016254222616708,0.20016828201633205,64.2
197,19,7,13459066228613404161,0.3,1.0,4.16777468558618,34.343434343434346,0.4153629358857876,-0.21953765319557128,0.19582528269021632,61.4
198,19,8,9631814801395520394,0.3,1.0,2.7855758826092294,38.38383838383838,0.3879204064197369,-0.197621177311609,0.1902992291081279,66.2
199,19,9,1381830517646262776,0.3,1.0,2.8333418915211945,49.494949494949495,0.38910759322817967,-0.19294141615703642,0.19616617707114323,60.0
200,20,0,4597100460868505515,0.4,0.0,3.747641684751943,40.4040404040404,0.3285606308996232,-0.1311611839538377,0.19739944694578548,64.0
201,20,1,12661995230671901117,0.4,0.0,5.317850873791563,14.141414141414142,0.3030811547566413,-0.16972804981402623,0.1333531049426151,63.8
202,20,2,4443580999381350828,0.4,0.0,3.389644942527659,48.484848484848484,0.3152319239823408,-0.13764381431487324,0.17758810966746752,61.2
203,20,3,6356991999305301058,0.4,0.0,3.4867653806865815,45.45454545454545,0.3041906754633109,-0.1594675534803629,0.144723121982948,59.8
204,20,4,7880480357013182005,0.4,0.0,4.7039643837914875,37.37373737373738,0.32835048778913956,-0.1080450260366905,0.22030546175244908,61.8
205,20,5,11524197726595687712,0.4,0.0,3.8353985384464577,36.36363636363637,0.29701200441361575,-0.11464672496414953,0.18236527944946623,63.2
206,20,6,17985466823688301435,0.4,0.0,3.2021015526349923,58.58585858585859,0.33716024138283823,-0.15412058844241744,0.1830396529404208,62.2
207,20,7,14400575767040260937,0.4,0.0,3.384811483931653,60.60606060606061,0.33465127687342533,-0.145444170971502,0.1892071059019233,63.2
208,20,8,13116542540597445672,0.4,0.0,3.551060473598595,52.525252525252526,0.30235755060385755,-0.18603819900287405,0.11631935160098349,61.0
209,20,9,5799371535288786908,0.4,0.0,3.4872306116037155,49.494949494949495,0.3041994215198709,-0.18562111784225727,0.11857830367761364,62.0
210,21,0,9317758228126454265,0.4,0.25,3.8090937015948674,39.39393939393939,0.35878123352694913,-0.20423965853781692,0.15454157498913224,62.2
211,21,1,12100755932176716014,0.4,0.25,3.9627273929557907,37.37373737373738,0.3287055068881148,-0.17169048304602108,0.1570150238420937,62.4
212,21,2,14637803407518802310,0.4,0.25,3.780583418695997,53.535353535353536,0.29127272064888776,-0.15049524812035525,0.14077747252853254,62.2
213,21,3,8530545973593547010,0.4,0.25,3.311543196941003,45.45454545454545,0.30273661373282235,-0.17679876262344565,0.12593785110937672,64.4
214,21,4,6247441897746779414,0.4,0.25,5.772662132547372,24.242424242424242,0.35781493868498576,-0.20925293545720067,0.1485620032277851,61.2
215,21,5,18172798295245585845,0.4,0.25,3.7284078355679053,36.36363636363637,0.3305532578904294,-0.1333721345032089,0.1971811233872205,64.6
216,21,6,1409938223611482455,0.4,0.25,3.0517235277368173,53.535353535353536,0.2718461119381894,-0.13053135099105162,0.1413147609471378,62.8
217,21,7,5969074188449779420,0.4,0.25,2.8669123983397573,49.494949494949495,0.2905716318374289,-0.10475506755854279,0.1858165642788861,62.2
218,21,8,783280959081694705,0.4,0.25,6.1462761698860815,14.141414141414142,0.47092869945654425,-0.29335399323395694,0.1775747062225873,62.0
219,21,9,5264115730787739160,0.4,0.25,3.3941393010461764,61.61616161616162,0.23142041855811427,-0.11998679920189206,0.1114336193562222,59.8
220,22,0,8429703657434238900,0.4,0.5,3.2695133270578025,47.474747474747474,0.3818166734671112,-0.19095268193910786,0.19086399152800332,66.4
221,22,1,18406268676847762873,0.4,0.5,2.9849637351254,49.494949494949495,0.3398533429785,-0.21065745350231624,0.12919588947618377,63.2
222,22,2,17227547470094431396,0.4,0.5,3.31615455936962,46.464646464646464,0.29508084839128623,-0.13638339085147097,0.1586974575398153,59.8
223,22,3,4940621040232011939,0.4,0.5,3.2994647727191695,54.54545454545455,0.34492106012662854,-0.19299577566362433,0.1519252844630042,62.0
224,22,4,16890383778322120698,0.4,0.5,3.590845358335603,36.36363636363637,0.38536698199728403,-0.20736023412710045,0.17800674787018358,59.6
225,22,5,17238356055251334912,0.4,0.5,3.115063494422642,55.55555555555556,0.3376496592407816,-0.1620941487975749,0.17555551044320672,64.4
226,22,6,9720886559480607163,0.4,0.5,3.647059943383508,46.464646464646464,0.31196880598179455,-0.17581193843843393,0.13615686754336062,60.8
227,22,7,12242459999810823321,0.4,0.5,3.152594906867181,47.474747474747474,0.3732731988592395,-0.1612158908204268,0.21205730803881268,64.0
228,22,8,15408275249792260708,0.4,0.5,3.1789467124260558,51.515151515151516,0.3461165197606908,-0.16924226537830805,0.17687425438238272,60.6
229,22,9,15069202706878247189,0.4,0.5,4.370553991103424,26.262626262626263,0.3685646407557147,-0.16783871228737973,0.20072592846833498,64.8
230,23,0,12950368064396778446,0.4,0.75,3.761051634625774,43.43434343434343,0.37769963558915765,-0.1771570231119756,0.20054261247718203,65.6
231,23,1,8670451043204730546,0.4,0.75,2.9405400759529674,57.57575757575758,0.39940161957887843,-0.1989368129284577,0.20046480665042074,58.2
232,23,2,1895757482875340424,0.4,0.75,2.9288032478039714,55.55555555555556,0.34962835520683744,-0.18142650916125985,0.16820184604557759,62.0
233,23,3,10694668671929449122,0.4,0.75,3.1967410863244754,52.525252525252526,0.3471132295574354,-0.1822924316340768,0.16482079792335863,61.4
234,23,4,15864126469145424138,0.4,0.75,3.6815012943092826,39.39393939393939,0.35821478354632963,-0.15884471581508736,0.19937006773124225,68.2
235,23,5,8883168070563148485,0.4,0.75,3.0985240319691845,50.505050505050505,0.3242291015901072,-0.16739768554579898,0.15683141604430825,63.0
236,23,6,9980420839241058995,0.4,0.75,3.2175942580875896,42.42424242424242,0.35276368446844536,-0.1900164124776418,0.16274727199080355,64.8
237,23,7,9507202924206162413,0.4,0.75,2.996458137382463,55.55555555555556,0.3532170579288674,-0.16311551441091113,0.19010154351795622,63.8
238,23,8,12883025248563037922,0.4,0.75,3.1246670388884663,41.41414141414141,0.32803365705396925,-0.159703477331899,0.16833017972207023,63.2
239,23,9,1007476866522099087,0.4,0.75,3.5246696019105146,33.333333333333336,0.3434418726059854,-0.17625556772271386,0.16718630488327155,63.8
240,24,0,10675275024235559128,0.4,1.0,2.8857944992832665,44.44444444444444,0.4057203316730916,-0.19013213415525143,0.21558819751784022,62.6
241,24,1,10039216873072886177,0.4,1.0,3.3596268362608668,51.515151515151516,0.3888130101631384,-0.20902218289428687,0.1797908272688515,65.0
242,24,2,5430734099104884748,0.4,1.0,3.3079458730378684,52.525252525252526,0.4177002539870736,-0.23474284907046822,0.1829574049166054,65.2
243,24,3,13163682546670476987,0.4,1.0,3.006683315957697,44.44444444444444,0.39817689549010415,-0.19163440837385567,0.20654248711624845,64.6
244,24,4,1966950659126887412,0.4,1.0,3.6176825655611196,36.36363636363637,0.4122355547221195,-0.2142977506537829,0.19793780406833655,63.2
245,24,5,13363510403618206231,0.4,1.0,3.907739099930171,39.39393939393939,0.40328038241748,-0.18440072852755168,0.2188796538899283,65.8
246,24,6,15677174155121962932,0.4,1.0,3.462512442003127,45.45454545454545,0.39961689288773355,-0.2091549029840735,0.19046198990366006,66.8
247,24,7,12922817848248821570,0.4,1.0,3.8309602533185494,36.36363636363637,0.39187570449828035,-0.18564359516357334,0.20623210933470704,61.8
248,24,8,6333834763030242371,0.4,1.0,2.8536081249812706,47.474747474747474,0.38274745799578924,-0.17675089484465312,0.20599656315113615,61.2
249,24,9,14695843685518560181,0.4,1.0,2.9928182734553457,54.54545454545455,0.40799057898168245,-0.19559495318564893,0.2123956257960335,65.4
250,25,0,17339098443609196683,0.5,0.0,3.7621159073914305,29.292929292929294,0.3367306741785462,-0.16828443707293042,0.16844623710561574,66.0
251,25,1,5796204051788645200,0.5,0.0,3.3427793483478103,49.494949494949495,0.33575407088493436,-0.22271122545539596,0.11304284542953842,64.0
252,25,2,6561152813966240646,0.5,0.0,3.4183298007191065,43.43434343434343,0.3848279629901288,-0.18639316101456196,0.1984348019755668,61.0
253,25,3,9264415163240194068,0.5,0.0,4.033898872247633,30.303030303030305,0.33516367280273784,-0.13399087127380083,0.20117280152893702,62.8
254,25,4,18116648368789770581,0.5,0.0,3.286971094149633,42.42424242424242,0.33919887488401346,-0.1707134793060432,0.16848539557797024,62.4
255,25,5,17527691896415981865,0.5,0.0,4.307873033894742,33.333333333333336,0.3238291600616907,-0.18092706928925575,0.14290209077243493,64.4
256,25,6,13357875052714529679,0.5,0.0,3.5622464232117097,49.494949494949495,0.2837187713947817,-0.09546551643918967,0.188253254955592,61.4
257,25,7,4181340777049403239,0.5,0.0,3.58520074525001,51.515151515151516,0.3072603117477548,-0.1330867645005881,0.17417354724716672,60.6
258,25,8,14674084812508711675,0.5,0.0,3.365646043866253,51.515151515151516,0.26238345031844557,-0.06345832838044554,0.19892512193800005,62.0
259,25,9,11273972263212836780,0.5,0.0,3.4138236196774185,54.54545454545455,0.3477812818641648,-0.25478799501601923,0.09299328684814556,67.0
260,26,0,11760030262302852680,0.5,0.25,3.334628309880519,49.494949494949495,0.355209369677081,-0.22981561413361787,0.12539375554346313,64.6
261,26,1,11564501725148281185,0.5,0.25,5.4519182349619415,19.19191919191919,0.3245338706047606,-0.17618438847524787,0.1483494821295127,60.8
262,26,2,1914731981549913702,0.5,0.25,4.971645983659284,34.343434343434346,0.34201988727913313,-0.19093832291295446,0.15108156436617864,63.4
263,26,3,3597728039192852005,0.5,0.25,3.2477736665808545,54.54545454545455,0.37915892263198714,-0.1639545102191932,0.21520441241279392,60.0
264,26,4,6538193166841051403,0.5,0.25,4.0380693403233705,49.494949494949495,0.3187429607779503,-0.1755936119037648,0.1431493488741855,61.0
265,26,5,349158364230513067,0.5,0.25,4.102370992751422,35.35353535353536,0.349417059302786,-0.19316137843432116,0.1562556808684648,64.0
266,26,6,9344506824024627531,0.5,0.25,5.176659989994834,24.242424242424242,0.3696615899382957,-0.1704289505628555,0.19923263937544017,66.4
267,26,7,17996301117973318376,0.5,0.25,4.212068673036524,39.39393939393939,0.38724141188282923,-0.1975452263334413,0.18969618554938797,62.6
268,26,8,7274070218372891629,0.5,0.25,4.577157419645504,26.262626262626263,0.3325892700125123,-0.13834864146115855,0.19424062855135377,60.2
269,26,9,16304523347187856404,0.5,0.25,4.02293994975524,39.39393939393939,0.3246178654314815,-0.18972560836179858,0.13489225706968297,63.8
270,27,0,13565513286881099465,0.5,0.5,5.326441073237579,22.22222222222222,0.34465988941343834,-0.18330045890916563,0.1613594305042727,61.8
271,27,1,13756792868638809710,0.5,0.5,3.7288453909349073,38.38383838383838,0.3412919936521369,-0.15116411291255857,0.19012788073957831,64.8
272,27,2,12881866725431887238,0.5,0.5,4.370501765195872,38.38383838383838,0.38440174137777183,-0.14498259688955095,0.2394191444882209,64.6
273,27,3,4182219583253069262,0.5,0.5,3.5674673193755946,42.42424242424242,0.3530269780891704,-0.20499342153873035,0.14803355655044004,65.0
274,27,4,16335155296369853840,0.5,0.5,3.7905630563298742,45.45454545454545,0.3869155768261151,-0.21977513266005017,0.16714044416606494,59.4
275,27,5,15083264983098607148,0.5,0.5,3.2560197130226003,44.44444444444444,0.3558639815523178,-0.19918257003232953,0.15668141151998827,62.8
276,27,6,11379015091369315110,0.5,0.5,3.111106299305043,45.45454545454545,0.3312683721566331,-0.1928387857577511,0.13842958639888198,66.2
277,27,7,8423744909918405763,0.5,0.5,4.887995235885154,32.323232323232325,0.2815633722403164,-0.1159654805212125,0.1655978917191039,64.0
278,27,8,211506869218637598,0.5,0.5,3.489528804681902,59.5959595959596,0.3319478438920228,-0.1989745084116466,0.13297333548037624,63.2
279,27,9,13910552958179096768,0.5,0.5,3.15872953423261,51.515151515151516,0.3426113417598773,-0.1633004406983124,0.1793109010615649,66.4
280,28,0,12461530549808252201,0.5,0.75,3.291140357470166,41.41414141414141,0.3729006767135925,-0.1686606453986275,0.20424003131496504,62.8
281,28,1,11798179133087038072,0.5,0.75,3.3798361613255965,50.505050505050505,0.34717161472565694,-0.17498472427727724,0.1721868904483797,65.0
282,28,2,8002586392308911245,0.5,0.75,2.8137030364877598,56.56565656565657,0.3520984893392217,-0.12640060118387014,0.22569788815535155,65.6
283,28,3,10157018707146487705,0.5,0.75,3.1921920342219567,41.41414141414141,0.3961384276595496,-0.1725020339151242,0.2236363937444254,65.2
284,28,4,9174247541161211692,0.5,0.75,4.539026613726434,33.333333333333336,0.36197504147911674,-0.19854518618051092,0.1634298552986058,64.4
285,28,5,13613380057655708513,0.5,0.75,3.5163280548061455,34.343434343434346,0.34251397967142,-0.18936129939274937,0.15315268027867063,64.8
286,28,6,17869529105529489108,0.5,0.75,3.5147777455970175,45.45454545454545,0.37138812268017446,-0.20630452137506644,0.16508360130510802,63.6
287,28,7,3483486499781946221,0.5,0.75,4.925923387843627,28.282828282828284,0.37190271071631686,-0.1835324653245066,0.18837024539181024,66.2
288,28,8,15950592574731507877,0.5,0.75,3.668677658353626,39.39393939393939,0.38333413937272043,-0.17791276552874172,0.20542137384397868,64.0
289,28,9,9725732957740823582,0.5,0.75,3.654477622150308,33.333333333333336,0.36110033549924114,-0.19780721826275566,0.1632931172364855,64.0
290,29,0,4418873659224050596,0.5,1.0,3.1992511968198034,43.43434343434343,0.3958577904432476,-0.18787088302609387,0.20798690741715373,66.0
291,29,1,14093547241454857299,0.5,1.0,3.4367531038632877,38.38383838383838,0.3789065207438467,-0.1812513009477953,0.19765521979605136,65.6
292,29,2,13383403470737963558,0.5,1.0,3.372727049789729,39.39393939393939,0.4171073424583746,-0.22185812787990977,0.19524921457846484,67.2
293,29,3,11489812000996104599,0.5,1.0,3.9522381105760855,33.333333333333336,0.40003706935589234,-0.20180044907377345,0.19823662028211886,62.6
294,29,4,6084921320505192231,0.5,1.0,4.204966984002771,23.232323232323232,0.4319685252908424,-0.22526790567967542,0.20670061961116695,64.4
295,29,5,4606571787212972723,0.5,1.0,3.2357277295737017,47.474747474747474,0.4188830888709497,-0.21910686664937962,0.19977622222157013,66.8
296,29,6,1447340957293983434,0.5,1.0,3.1845467503592517,54.54545454545455,0.44014525533003307,-0.21633362193584996,0.2238116333941831,64.6
297,29,7,5179667952662219752,0.5,1.0,3.0732386942464727,42.42424242424242,0.3990982806009985,-0.20773003422197053,0.191368246379028,64.2
298,29,8,15246201272267023276,0.5,1.0,4.9988345327499095,23.232323232323232,0.3945383667742438,-0.2149832785195188,0.179555088254725,63.8
299,29,9,5524500975043334362,0.5,1.0,3.0584322872267706,50.505050505050505,0.41591051879969576,-0.20082809530355838,0.21508242349613738,61.2
